case_id,catalog_role,development_export_allowed,formal_training_allowed,line9_conditioned,raw_path,raw_sha256,source_visible_mask_path,source_visible_mask_sha256,source_visible_curve_path,visible_phase_override_path,visible_phase_override_sha256,status_path,label_weight_path,ignore_mask_path,label_semantics,mask_center_error_p50_ns,mask_center_error_p90_ns,development_decision,local_ignore_trace_range,weak_positive,source_case_path,source_group,negative_semantics
B003_MEDDEPTH_013,development_train_candidate,true,false,true,data\PGDA_SYNTH_DATASET_V1\03_runs\BATCH_003_SHALLOW_GENERALIZATION_24CASES_V3_AUDITED_20260704\B003_MEDDEPTH_013\raw\bscan.npy,e8c1818b9131667188c8e6db59fe9b3f120241622e253310ac619cb430bc771a,data\PGDA_SYNTH_DATASET_V1\03_runs\BATCH_003_SHALLOW_GENERALIZATION_24CASES_V3_AUDITED_20260704\B003_MEDDEPTH_013\labels\interface_mask_visible_phase_bscan.npy,5bb006f07d7449d4313573a2c4e4cf7d1eeb927a697202f073a467ae36da85f8,data\PGDA_SYNTH_DATASET_V1\03_runs\BATCH_003_SHALLOW_GENERALIZATION_24CASES_V3_AUDITED_20260704\B003_MEDDEPTH_013\labels\target_visible_phase_time_ns.npy,data\simulation_governance_v1_20260711\label_overrides\B003_MEDDEPTH_013_visible_phase_mask_501x128.npy,5bb006f07d7449d4313573a2c4e4cf7d1eeb927a697202f073a467ae36da85f8,data\simulation_governance_v1_20260711\supervision\B003_MEDDEPTH_013_status_code.npy,data\simulation_governance_v1_20260711\supervision\B003_MEDDEPTH_013_label_weight.npy,data\simulation_governance_v1_20260711\supervision\B003_MEDDEPTH_013_ignore_mask.npy,visible_phase_distribution_from_explicit_visible_mask,0.362747,0.624103,DEVELOPMENT_ONLY_SIGNAL_SUPPORTED,,false,data\PGDA_SYNTH_DATASET_V1\03_runs\BATCH_003_SHALLOW_GENERALIZATION_24CASES_V3_AUDITED_20260704\B003_MEDDEPTH_013,batch3,not_a_negative_sample
B003_MEDDEPTH_014,development_train_candidate,true,false,true,data\PGDA_SYNTH_DATASET_V1\03_runs\BATCH_003_SHALLOW_GENERALIZATION_24CASES_V3_AUDITED_20260704\B003_MEDDEPTH_014\raw\bscan.npy,82719e1886c5ca324136edb8a25867c19ec09f7392a5c48167417a37b55af728,data\PGDA_SYNTH_DATASET_V1\03_runs\BATCH_003_SHALLOW_GENERALIZATION_24CASES_V3_AUDITED_20260704\B003_MEDDEPTH_014\labels\interface_mask_visible_phase_bscan.npy,1d40116b9d6f559ab2c307d6e3e6e0f4137fa0dc6595bed380bf89129321ed5e,data\PGDA_SYNTH_DATASET_V1\03_runs\BATCH_003_SHALLOW_GENERALIZATION_24CASES_V3_AUDITED_20260704\B003_MEDDEPTH_014\labels\target_visible_phase_time_ns.npy,data\simulation_governance_v1_20260711\label_overrides\B003_MEDDEPTH_014_visible_phase_mask_501x128.npy,1d40116b9d6f559ab2c307d6e3e6e0f4137fa0dc6595bed380bf89129321ed5e,data\simulation_governance_v1_20260711\supervision\B003_MEDDEPTH_014_status_code.npy,data\simulation_governance_v1_20260711\supervision\B003_MEDDEPTH_014_label_weight.npy,data\simulation_governance_v1_20260711\supervision\B003_MEDDEPTH_014_ignore_mask.npy,visible_phase_distribution_from_explicit_visible_mask,0.315063,0.620831,DEVELOPMENT_ONLY_SIGNAL_SUPPORTED,,false,data\PGDA_SYNTH_DATASET_V1\03_runs\BATCH_003_SHALLOW_GENERALIZATION_24CASES_V3_AUDITED_20260704\B003_MEDDEPTH_014,batch3,not_a_negative_sample
B003_MEDDEPTH_015,development_train_candidate,true,false,true,data\PGDA_SYNTH_DATASET_V1\03_runs\BATCH_003_SHALLOW_GENERALIZATION_24CASES_V3_AUDITED_20260704\B003_MEDDEPTH_015\raw\bscan.npy,c5f0e924a580e8f642944ee0eff39f277feec0798ff254882918db45b54c2bc9,data\PGDA_SYNTH_DATASET_V1\03_runs\BATCH_003_SHALLOW_GENERALIZATION_24CASES_V3_AUDITED_20260704\B003_MEDDEPTH_015\labels\interface_mask_visible_phase_bscan.npy,cf646c1a46132243ff72a64c81e8c458647ec102526b0ece5f0f9aff98a1c911,data\PGDA_SYNTH_DATASET_V1\03_runs\BATCH_003_SHALLOW_GENERALIZATION_24CASES_V3_AUDITED_20260704\B003_MEDDEPTH_015\labels\target_visible_phase_time_ns.npy,data\simulation_governance_v1_20260711\label_overrides\B003_MEDDEPTH_015_visible_phase_mask_501x128.npy,cf646c1a46132243ff72a64c81e8c458647ec102526b0ece5f0f9aff98a1c911,data\simulation_governance_v1_20260711\supervision\B003_MEDDEPTH_015_status_code.npy,data\simulation_governance_v1_20260711\supervision\B003_MEDDEPTH_015_label_weight.npy,data\simulation_governance_v1_20260711\supervision\B003_MEDDEPTH_015_ignore_mask.npy,visible_phase_distribution_from_explicit_visible_mask,0.365295,0.604614,DEVELOPMENT_ONLY_SIGNAL_SUPPORTED,,false,data\PGDA_SYNTH_DATASET_V1\03_runs\BATCH_003_SHALLOW_GENERALIZATION_24CASES_V3_AUDITED_20260704\B003_MEDDEPTH_015,batch3,not_a_negative_sample
B003_MEDDEPTH_016,development_train_candidate,true,false,true,data\PGDA_SYNTH_DATASET_V1\03_runs\BATCH_003_SHALLOW_GENERALIZATION_24CASES_V3_AUDITED_20260704\B003_MEDDEPTH_016\raw\bscan.npy,141488f3fc9a696146cbb3182d9d005547689e88e983e523ff2271d178be863b,data\PGDA_SYNTH_DATASET_V1\03_runs\BATCH_003_SHALLOW_GENERALIZATION_24CASES_V3_AUDITED_20260704\B003_MEDDEPTH_016\labels\interface_mask_visible_phase_bscan.npy,375c9ac2897ff8a511f2a0f2e1dbeaf7bb484d9c5f52a7e05ac2f67958782349,data\PGDA_SYNTH_DATASET_V1\03_runs\BATCH_003_SHALLOW_GENERALIZATION_24CASES_V3_AUDITED_20260704\B003_MEDDEPTH_016\labels\target_visible_phase_time_ns.npy,data\simulation_governance_v1_20260711\label_overrides\B003_MEDDEPTH_016_visible_phase_mask_501x128.npy,375c9ac2897ff8a511f2a0f2e1dbeaf7bb484d9c5f52a7e05ac2f67958782349,data\simulation_governance_v1_20260711\supervision\B003_MEDDEPTH_016_status_code.npy,data\simulation_governance_v1_20260711\supervision\B003_MEDDEPTH_016_label_weight.npy,data\simulation_governance_v1_20260711\supervision\B003_MEDDEPTH_016_ignore_mask.npy,visible_phase_distribution_from_explicit_visible_mask,0.381973,0.613593,DEVELOPMENT_ONLY_SIGNAL_SUPPORTED,,false,data\PGDA_SYNTH_DATASET_V1\03_runs\BATCH_003_SHALLOW_GENERALIZATION_24CASES_V3_AUDITED_20260704\B003_MEDDEPTH_016,batch3,not_a_negative_sample
B003_MEDDEPTH_017,development_train_candidate,true,false,true,data\PGDA_SYNTH_DATASET_V1\03_runs\BATCH_003_SHALLOW_GENERALIZATION_24CASES_V3_AUDITED_20260704\B003_MEDDEPTH_017\raw\bscan.npy,355399fd4bf168c7295f987dfffb00ce132b2572402e6bb2d26d3d921c442fdc,data\PGDA_SYNTH_DATASET_V1\03_runs\BATCH_003_SHALLOW_GENERALIZATION_24CASES_V3_AUDITED_20260704\B003_MEDDEPTH_017\labels\interface_mask_visible_phase_bscan.npy,4245bcff34f2e242fc10f6b4651175c378ff572c809ddd384de6ffebf4fcf42c,data\PGDA_SYNTH_DATASET_V1\03_runs\BATCH_003_SHALLOW_GENERALIZATION_24CASES_V3_AUDITED_20260704\B003_MEDDEPTH_017\labels\target_visible_phase_time_ns.npy,data\simulation_governance_v1_20260711\label_overrides\B003_MEDDEPTH_017_visible_phase_mask_501x128.npy,4245bcff34f2e242fc10f6b4651175c378ff572c809ddd384de6ffebf4fcf42c,data\simulation_governance_v1_20260711\supervision\B003_MEDDEPTH_017_status_code.npy,data\simulation_governance_v1_20260711\supervision\B003_MEDDEPTH_017_label_weight.npy,data\simulation_governance_v1_20260711\supervision\B003_MEDDEPTH_017_ignore_mask.npy,visible_phase_distribution_from_explicit_visible_mask,0.366806,0.661209,DEVELOPMENT_ONLY_SIGNAL_SUPPORTED,,false,data\PGDA_SYNTH_DATASET_V1\03_runs\BATCH_003_SHALLOW_GENERALIZATION_24CASES_V3_AUDITED_20260704\B003_MEDDEPTH_017,batch3,not_a_negative_sample
B003_MEDDEPTH_018,development_train_candidate,true,false,true,data\PGDA_SYNTH_DATASET_V1\03_runs\BATCH_003_SHALLOW_GENERALIZATION_24CASES_V3_AUDITED_20260704\B003_MEDDEPTH_018\raw\bscan.npy,4a0651a76887845ad79dd17ac1d4bb24a9f559bea303b803ccf8ae35663a6109,data\PGDA_SYNTH_DATASET_V1\03_runs\BATCH_003_SHALLOW_GENERALIZATION_24CASES_V3_AUDITED_20260704\B003_MEDDEPTH_018\labels\interface_mask_visible_phase_bscan.npy,779c4a6712e5369efb85d05f3f05f8b7aaec08593ecc875430e31f847ed05a7c,data\PGDA_SYNTH_DATASET_V1\03_runs\BATCH_003_SHALLOW_GENERALIZATION_24CASES_V3_AUDITED_20260704\B003_MEDDEPTH_018\labels\target_visible_phase_time_ns.npy,data\simulation_governance_v1_20260711\label_overrides\B003_MEDDEPTH_018_visible_phase_mask_501x128.npy,779c4a6712e5369efb85d05f3f05f8b7aaec08593ecc875430e31f847ed05a7c,data\simulation_governance_v1_20260711\supervision\B003_MEDDEPTH_018_status_code.npy,data\simulation_governance_v1_20260711\supervision\B003_MEDDEPTH_018_label_weight.npy,data\simulation_governance_v1_20260711\supervision\B003_MEDDEPTH_018_ignore_mask.npy,visible_phase_distribution_from_explicit_visible_mask,0.280029,0.609552,DEVELOPMENT_ONLY_SIGNAL_SUPPORTED,,false,data\PGDA_SYNTH_DATASET_V1\03_runs\BATCH_003_SHALLOW_GENERALIZATION_24CASES_V3_AUDITED_20260704\B003_MEDDEPTH_018,batch3,not_a_negative_sample
B003_MEDDEPTH_019,development_train_candidate,true,false,true,data\PGDA_SYNTH_DATASET_V1\03_runs\BATCH_003_SHALLOW_GENERALIZATION_24CASES_V3_AUDITED_20260704\B003_MEDDEPTH_019\raw\bscan.npy,039b6d07bbfc63019a5ceb4aeddb2f2ec90464dfbd1a83c6b1f0d0049d90be7d,data\PGDA_SYNTH_DATASET_V1\03_runs\BATCH_003_SHALLOW_GENERALIZATION_24CASES_V3_AUDITED_20260704\B003_MEDDEPTH_019\labels\interface_mask_visible_phase_bscan.npy,c8b03f546aaec392c22b5ff75c9574423bd42b81bf3aa20c512558f229b1f252,data\PGDA_SYNTH_DATASET_V1\03_runs\BATCH_003_SHALLOW_GENERALIZATION_24CASES_V3_AUDITED_20260704\B003_MEDDEPTH_019\labels\target_visible_phase_time_ns.npy,data\simulation_governance_v1_20260711\label_overrides\B003_MEDDEPTH_019_visible_phase_mask_501x128.npy,c8b03f546aaec392c22b5ff75c9574423bd42b81bf3aa20c512558f229b1f252,data\simulation_governance_v1_20260711\supervision\B003_MEDDEPTH_019_status_code.npy,data\simulation_governance_v1_20260711\supervision\B003_MEDDEPTH_019_label_weight.npy,data\simulation_governance_v1_20260711\supervision\B003_MEDDEPTH_019_ignore_mask.npy,visible_phase_distribution_from_explicit_visible_mask,0.312347,0.610095,DEVELOPMENT_ONLY_SIGNAL_SUPPORTED,,false,data\PGDA_SYNTH_DATASET_V1\03_runs\BATCH_003_SHALLOW_GENERALIZATION_24CASES_V3_AUDITED_20260704\B003_MEDDEPTH_019,batch3,not_a_negative_sample
B003_MEDDEPTH_020,development_train_candidate,true,false,true,data\PGDA_SYNTH_DATASET_V1\03_runs\BATCH_003_SHALLOW_GENERALIZATION_24CASES_V3_AUDITED_20260704\B003_MEDDEPTH_020\raw\bscan.npy,40038be717b297c957c9d8d6e4aaa29cdcc85dd42f62a5023629d86d26c98f9c,data\PGDA_SYNTH_DATASET_V1\03_runs\BATCH_003_SHALLOW_GENERALIZATION_24CASES_V3_AUDITED_20260704\B003_MEDDEPTH_020\labels\interface_mask_visible_phase_bscan.npy,fe7cf95556e02d3f7f0b2ce6185a0c5c25261da82cfa37d74893f3d294f7c228,data\PGDA_SYNTH_DATASET_V1\03_runs\BATCH_003_SHALLOW_GENERALIZATION_24CASES_V3_AUDITED_20260704\B003_MEDDEPTH_020\labels\target_visible_phase_time_ns.npy,data\simulation_governance_v1_20260711\label_overrides\B003_MEDDEPTH_020_visible_phase_mask_501x128.npy,fe7cf95556e02d3f7f0b2ce6185a0c5c25261da82cfa37d74893f3d294f7c228,data\simulation_governance_v1_20260711\supervision\B003_MEDDEPTH_020_status_code.npy,data\simulation_governance_v1_20260711\supervision\B003_MEDDEPTH_020_label_weight.npy,data\simulation_governance_v1_20260711\supervision\B003_MEDDEPTH_020_ignore_mask.npy,visible_phase_distribution_from_explicit_visible_mask,0.317123,0.660608,DEVELOPMENT_ONLY_SIGNAL_SUPPORTED,,false,data\PGDA_SYNTH_DATASET_V1\03_runs\BATCH_003_SHALLOW_GENERALIZATION_24CASES_V3_AUDITED_20260704\B003_MEDDEPTH_020,batch3,not_a_negative_sample
B003_SHALLOW_DISTRACTOR_001,development_train_candidate,true,false,true,data\PGDA_SYNTH_DATASET_V1\03_runs\BATCH_003_SHALLOW_GENERALIZATION_24CASES_V3_AUDITED_20260704\B003_SHALLOW_DISTRACTOR_001\raw\bscan.npy,d97331c2486bed71953524712e7f908bd081546d5e3d54c7c1b96437910e2b89,data\PGDA_SYNTH_DATASET_V1\03_runs\BATCH_003_SHALLOW_GENERALIZATION_24CASES_V3_AUDITED_20260704\B003_SHALLOW_DISTRACTOR_001\labels\interface_mask_visible_phase_bscan.npy,72ca740757f7798a2e22de3de6cb229e5aa89fe1a54312d612b452723e337c6b,data\PGDA_SYNTH_DATASET_V1\03_runs\BATCH_003_SHALLOW_GENERALIZATION_24CASES_V3_AUDITED_20260704\B003_SHALLOW_DISTRACTOR_001\labels\target_visible_phase_time_ns.npy,data\simulation_governance_v1_20260711\label_overrides\B003_SHALLOW_DISTRACTOR_001_visible_phase_mask_501x128.npy,72ca740757f7798a2e22de3de6cb229e5aa89fe1a54312d612b452723e337c6b,data\simulation_governance_v1_20260711\supervision\B003_SHALLOW_DISTRACTOR_001_status_code.npy,data\simulation_governance_v1_20260711\supervision\B003_SHALLOW_DISTRACTOR_001_label_weight.npy,data\simulation_governance_v1_20260711\supervision\B003_SHALLOW_DISTRACTOR_001_ignore_mask.npy,visible_phase_distribution_from_explicit_visible_mask,0.329651,0.615909,DEVELOPMENT_ONLY_SIGNAL_SUPPORTED,,false,data\PGDA_SYNTH_DATASET_V1\03_runs\BATCH_003_SHALLOW_GENERALIZATION_24CASES_V3_AUDITED_20260704\B003_SHALLOW_DISTRACTOR_001,batch3,not_a_negative_sample
B003_SHALLOW_DISTRACTOR_002,development_train_candidate,true,false,true,data\PGDA_SYNTH_DATASET_V1\03_runs\BATCH_003_SHALLOW_GENERALIZATION_24CASES_V3_AUDITED_20260704\B003_SHALLOW_DISTRACTOR_002\raw\bscan.npy,9ab146324459ff4eb1f4f6e5da8af4c3c29e2a7d95882a51b6494ef481a2a166,data\PGDA_SYNTH_DATASET_V1\03_runs\BATCH_003_SHALLOW_GENERALIZATION_24CASES_V3_AUDITED_20260704\B003_SHALLOW_DISTRACTOR_002\labels\interface_mask_visible_phase_bscan.npy,0763c0e0ab1bf2b3f018df95297a37ef57270e795d8764a5135cf8afc5a9fb87,data\PGDA_SYNTH_DATASET_V1\03_runs\BATCH_003_SHALLOW_GENERALIZATION_24CASES_V3_AUDITED_20260704\B003_SHALLOW_DISTRACTOR_002\labels\target_visible_phase_time_ns.npy,data\simulation_governance_v1_20260711\label_overrides\B003_SHALLOW_DISTRACTOR_002_visible_phase_mask_501x128.npy,0763c0e0ab1bf2b3f018df95297a37ef57270e795d8764a5135cf8afc5a9fb87,data\simulation_governance_v1_20260711\supervision\B003_SHALLOW_DISTRACTOR_002_status_code.npy,data\simulation_governance_v1_20260711\supervision\B003_SHALLOW_DISTRACTOR_002_label_weight.npy,data\simulation_governance_v1_20260711\supervision\B003_SHALLOW_DISTRACTOR_002_ignore_mask.npy,visible_phase_distribution_from_explicit_visible_mask,0.338516,0.618976,DEVELOPMENT_ONLY_SIGNAL_SUPPORTED,,false,data\PGDA_SYNTH_DATASET_V1\03_runs\BATCH_003_SHALLOW_GENERALIZATION_24CASES_V3_AUDITED_20260704\B003_SHALLOW_DISTRACTOR_002,batch3,not_a_negative_sample
B003_SHALLOW_DISTRACTOR_003,development_train_candidate,true,false,true,data\PGDA_SYNTH_DATASET_V1\03_runs\BATCH_003_SHALLOW_GENERALIZATION_24CASES_V3_AUDITED_20260704\B003_SHALLOW_DISTRACTOR_003\raw\bscan.npy,853be3c05e3153499e9af126a9f697611d1df01d51d0ef1e871589f747deb35a,data\PGDA_SYNTH_DATASET_V1\03_runs\BATCH_003_SHALLOW_GENERALIZATION_24CASES_V3_AUDITED_20260704\B003_SHALLOW_DISTRACTOR_003\labels\interface_mask_visible_phase_bscan.npy,efdb3fded895231cf395c71161209098c357e9f86bf74ae7d5992776d40bb4b7,data\PGDA_SYNTH_DATASET_V1\03_runs\BATCH_003_SHALLOW_GENERALIZATION_24CASES_V3_AUDITED_20260704\B003_SHALLOW_DISTRACTOR_003\labels\target_visible_phase_time_ns.npy,data\simulation_governance_v1_20260711\label_overrides\B003_SHALLOW_DISTRACTOR_003_visible_phase_mask_501x128.npy,efdb3fded895231cf395c71161209098c357e9f86bf74ae7d5992776d40bb4b7,data\simulation_governance_v1_20260711\supervision\B003_SHALLOW_DISTRACTOR_003_status_code.npy,data\simulation_governance_v1_20260711\supervision\B003_SHALLOW_DISTRACTOR_003_label_weight.npy,data\simulation_governance_v1_20260711\supervision\B003_SHALLOW_DISTRACTOR_003_ignore_mask.npy,visible_phase_distribution_from_explicit_visible_mask,0.400238,0.643420,DEVELOPMENT_ONLY_SIGNAL_SUPPORTED,,false,data\PGDA_SYNTH_DATASET_V1\03_runs\BATCH_003_SHALLOW_GENERALIZATION_24CASES_V3_AUDITED_20260704\B003_SHALLOW_DISTRACTOR_003,batch3,not_a_negative_sample
B003_SHALLOW_DISTRACTOR_004,development_train_candidate,true,false,true,data\PGDA_SYNTH_DATASET_V1\03_runs\BATCH_003_SHALLOW_GENERALIZATION_24CASES_V3_AUDITED_20260704\B003_SHALLOW_DISTRACTOR_004\raw\bscan.npy,2afa075c4b588f8124161435586f330e535e644c981792c9d28d32f62e9750dc,data\PGDA_SYNTH_DATASET_V1\03_runs\BATCH_003_SHALLOW_GENERALIZATION_24CASES_V3_AUDITED_20260704\B003_SHALLOW_DISTRACTOR_004\labels\interface_mask_visible_phase_bscan.npy,f4973206aa5752970b76cbb9b7b4eca55a788bddea04ec1c323d9e2475648f69,data\PGDA_SYNTH_DATASET_V1\03_runs\BATCH_003_SHALLOW_GENERALIZATION_24CASES_V3_AUDITED_20260704\B003_SHALLOW_DISTRACTOR_004\labels\target_visible_phase_time_ns.npy,data\simulation_governance_v1_20260711\label_overrides\B003_SHALLOW_DISTRACTOR_004_visible_phase_mask_501x128.npy,f4973206aa5752970b76cbb9b7b4eca55a788bddea04ec1c323d9e2475648f69,data\simulation_governance_v1_20260711\supervision\B003_SHALLOW_DISTRACTOR_004_status_code.npy,data\simulation_governance_v1_20260711\supervision\B003_SHALLOW_DISTRACTOR_004_label_weight.npy,data\simulation_governance_v1_20260711\supervision\B003_SHALLOW_DISTRACTOR_004_ignore_mask.npy,visible_phase_distribution_from_explicit_visible_mask,0.300751,0.568213,DEVELOPMENT_ONLY_SIGNAL_SUPPORTED,,false,data\PGDA_SYNTH_DATASET_V1\03_runs\BATCH_003_SHALLOW_GENERALIZATION_24CASES_V3_AUDITED_20260704\B003_SHALLOW_DISTRACTOR_004,batch3,not_a_negative_sample
B003_SHALLOW_DISTRACTOR_005,development_train_candidate,true,false,true,data\PGDA_SYNTH_DATASET_V1\03_runs\BATCH_003_SHALLOW_GENERALIZATION_24CASES_V3_AUDITED_20260704\B003_SHALLOW_DISTRACTOR_005\raw\bscan.npy,f5a8b2db1890ee832fc7a3067fa63c26251c86709dc66cdba6f947e798a1bc94,data\PGDA_SYNTH_DATASET_V1\03_runs\BATCH_003_SHALLOW_GENERALIZATION_24CASES_V3_AUDITED_20260704\B003_SHALLOW_DISTRACTOR_005\labels\interface_mask_visible_phase_bscan.npy,7bf7f1dca7aa9bbb3b837329188d3763905d139ca9a633d80d3765c7353dccb1,data\PGDA_SYNTH_DATASET_V1\03_runs\BATCH_003_SHALLOW_GENERALIZATION_24CASES_V3_AUDITED_20260704\B003_SHALLOW_DISTRACTOR_005\labels\target_visible_phase_time_ns.npy,data\simulation_governance_v1_20260711\label_overrides\B003_SHALLOW_DISTRACTOR_005_visible_phase_mask_501x128.npy,7bf7f1dca7aa9bbb3b837329188d3763905d139ca9a633d80d3765c7353dccb1,data\simulation_governance_v1_20260711\supervision\B003_SHALLOW_DISTRACTOR_005_status_code.npy,data\simulation_governance_v1_20260711\supervision\B003_SHALLOW_DISTRACTOR_005_label_weight.npy,data\simulation_governance_v1_20260711\supervision\B003_SHALLOW_DISTRACTOR_005_ignore_mask.npy,visible_phase_distribution_from_explicit_visible_mask,0.327026,0.634119,DEVELOPMENT_ONLY_SIGNAL_SUPPORTED,,false,data\PGDA_SYNTH_DATASET_V1\03_runs\BATCH_003_SHALLOW_GENERALIZATION_24CASES_V3_AUDITED_20260704\B003_SHALLOW_DISTRACTOR_005,batch3,not_a_negative_sample
B003_SHALLOW_DISTRACTOR_006,development_train_candidate,true,false,true,data\PGDA_SYNTH_DATASET_V1\03_runs\BATCH_003_SHALLOW_GENERALIZATION_24CASES_V3_AUDITED_20260704\B003_SHALLOW_DISTRACTOR_006\raw\bscan.npy,8284d39ecffd4b243b975cca0850de681d65d77be8ed887588a7ce58c1741205,data\PGDA_SYNTH_DATASET_V1\03_runs\BATCH_003_SHALLOW_GENERALIZATION_24CASES_V3_AUDITED_20260704\B003_SHALLOW_DISTRACTOR_006\labels\interface_mask_visible_phase_bscan.npy,3d1e1cc8f6c8ae1abc9239bee672091b6a59427a1b11fb550ef20aab80f4d477,data\PGDA_SYNTH_DATASET_V1\03_runs\BATCH_003_SHALLOW_GENERALIZATION_24CASES_V3_AUDITED_20260704\B003_SHALLOW_DISTRACTOR_006\labels\target_visible_phase_time_ns.npy,data\simulation_governance_v1_20260711\label_overrides\B003_SHALLOW_DISTRACTOR_006_visible_phase_mask_501x128.npy,3d1e1cc8f6c8ae1abc9239bee672091b6a59427a1b11fb550ef20aab80f4d477,data\simulation_governance_v1_20260711\supervision\B003_SHALLOW_DISTRACTOR_006_status_code.npy,data\simulation_governance_v1_20260711\supervision\B003_SHALLOW_DISTRACTOR_006_label_weight.npy,data\simulation_governance_v1_20260711\supervision\B003_SHALLOW_DISTRACTOR_006_ignore_mask.npy,visible_phase_distribution_from_explicit_visible_mask,0.352798,0.615298,DEVELOPMENT_ONLY_AFTER_LOCAL_IGNORE,32-35,false,data\PGDA_SYNTH_DATASET_V1\03_runs\BATCH_003_SHALLOW_GENERALIZATION_24CASES_V3_AUDITED_20260704\B003_SHALLOW_DISTRACTOR_006,batch3,not_a_negative_sample
B003_SHALLOW_DISTRACTOR_007,development_train_candidate,true,false,true,data\PGDA_SYNTH_DATASET_V1\03_runs\BATCH_003_SHALLOW_GENERALIZATION_24CASES_V3_AUDITED_20260704\B003_SHALLOW_DISTRACTOR_007\raw\bscan.npy,369857e5fa8ab81140d1592c6275835cf814e04af74d7da21ce16dd7998338d1,data\PGDA_SYNTH_DATASET_V1\03_runs\BATCH_003_SHALLOW_GENERALIZATION_24CASES_V3_AUDITED_20260704\B003_SHALLOW_DISTRACTOR_007\labels\interface_mask_visible_phase_bscan.npy,7d36642c9f6396fcd2c13b6ac9dda84c99bfd250b895d0820febb419c4ae42f2,data\PGDA_SYNTH_DATASET_V1\03_runs\BATCH_003_SHALLOW_GENERALIZATION_24CASES_V3_AUDITED_20260704\B003_SHALLOW_DISTRACTOR_007\labels\target_visible_phase_time_ns.npy,data\simulation_governance_v1_20260711\label_overrides\B003_SHALLOW_DISTRACTOR_007_visible_phase_mask_501x128.npy,7d36642c9f6396fcd2c13b6ac9dda84c99bfd250b895d0820febb419c4ae42f2,data\simulation_governance_v1_20260711\supervision\B003_SHALLOW_DISTRACTOR_007_status_code.npy,data\simulation_governance_v1_20260711\supervision\B003_SHALLOW_DISTRACTOR_007_label_weight.npy,data\simulation_governance_v1_20260711\supervision\B003_SHALLOW_DISTRACTOR_007_ignore_mask.npy,visible_phase_distribution_from_explicit_visible_mask,0.356064,0.641901,DEVELOPMENT_ONLY_SIGNAL_SUPPORTED,,false,data\PGDA_SYNTH_DATASET_V1\03_runs\BATCH_003_SHALLOW_GENERALIZATION_24CASES_V3_AUDITED_20260704\B003_SHALLOW_DISTRACTOR_007,batch3,not_a_negative_sample
B003_SHALLOW_DISTRACTOR_008,development_train_candidate,true,false,true,data\PGDA_SYNTH_DATASET_V1\03_runs\BATCH_003_SHALLOW_GENERALIZATION_24CASES_V3_AUDITED_20260704\B003_SHALLOW_DISTRACTOR_008\raw\bscan.npy,06bf281e923807566c12da421d80ad853fba6b6dbe3325ac18c332b21a250d44,data\PGDA_SYNTH_DATASET_V1\03_runs\BATCH_003_SHALLOW_GENERALIZATION_24CASES_V3_AUDITED_20260704\B003_SHALLOW_DISTRACTOR_008\labels\interface_mask_visible_phase_bscan.npy,7bace4e093885cc8be899ca15e16b7b589aed889f3664df9e3b106c7c834c6c2,data\PGDA_SYNTH_DATASET_V1\03_runs\BATCH_003_SHALLOW_GENERALIZATION_24CASES_V3_AUDITED_20260704\B003_SHALLOW_DISTRACTOR_008\labels\target_visible_phase_time_ns.npy,data\simulation_governance_v1_20260711\label_overrides\B003_SHALLOW_DISTRACTOR_008_visible_phase_mask_501x128.npy,7bace4e093885cc8be899ca15e16b7b589aed889f3664df9e3b106c7c834c6c2,data\simulation_governance_v1_20260711\supervision\B003_SHALLOW_DISTRACTOR_008_status_code.npy,data\simulation_governance_v1_20260711\supervision\B003_SHALLOW_DISTRACTOR_008_label_weight.npy,data\simulation_governance_v1_20260711\supervision\B003_SHALLOW_DISTRACTOR_008_ignore_mask.npy,visible_phase_distribution_from_explicit_visible_mask,0.326660,0.623080,DEVELOPMENT_ONLY_SIGNAL_SUPPORTED,,false,data\PGDA_SYNTH_DATASET_V1\03_runs\BATCH_003_SHALLOW_GENERALIZATION_24CASES_V3_AUDITED_20260704\B003_SHALLOW_DISTRACTOR_008,batch3,not_a_negative_sample
B003_SHALLOW_DISTRACTOR_009,development_train_candidate,true,false,true,data\PGDA_SYNTH_DATASET_V1\03_runs\BATCH_003_SHALLOW_GENERALIZATION_24CASES_V3_AUDITED_20260704\B003_SHALLOW_DISTRACTOR_009\raw\bscan.npy,f0069f535dfc352894e9f2a0306135fd0dcc0db86c7f0bced71dba82b9314ecf,data\PGDA_SYNTH_DATASET_V1\03_runs\BATCH_003_SHALLOW_GENERALIZATION_24CASES_V3_AUDITED_20260704\B003_SHALLOW_DISTRACTOR_009\labels\interface_mask_visible_phase_bscan.npy,4c8d5fa015b7c3f224dc26776543431d47eaf4476bf09baa70302cdecdd1ca18,data\PGDA_SYNTH_DATASET_V1\03_runs\BATCH_003_SHALLOW_GENERALIZATION_24CASES_V3_AUDITED_20260704\B003_SHALLOW_DISTRACTOR_009\labels\target_visible_phase_time_ns.npy,data\simulation_governance_v1_20260711\label_overrides\B003_SHALLOW_DISTRACTOR_009_visible_phase_mask_501x128.npy,4c8d5fa015b7c3f224dc26776543431d47eaf4476bf09baa70302cdecdd1ca18,data\simulation_governance_v1_20260711\supervision\B003_SHALLOW_DISTRACTOR_009_status_code.npy,data\simulation_governance_v1_20260711\supervision\B003_SHALLOW_DISTRACTOR_009_label_weight.npy,data\simulation_governance_v1_20260711\supervision\B003_SHALLOW_DISTRACTOR_009_ignore_mask.npy,visible_phase_distribution_from_explicit_visible_mask,0.305511,0.637112,DEVELOPMENT_ONLY_SIGNAL_SUPPORTED,,false,data\PGDA_SYNTH_DATASET_V1\03_runs\BATCH_003_SHALLOW_GENERALIZATION_24CASES_V3_AUDITED_20260704\B003_SHALLOW_DISTRACTOR_009,batch3,not_a_negative_sample
B003_SHALLOW_DISTRACTOR_010,development_train_candidate,true,false,true,data\PGDA_SYNTH_DATASET_V1\03_runs\BATCH_003_SHALLOW_GENERALIZATION_24CASES_V3_AUDITED_20260704\B003_SHALLOW_DISTRACTOR_010\raw\bscan.npy,657a4eb7de9e4178c284c649966914c81b034188a0411b2662dc158ef57c89e6,data\PGDA_SYNTH_DATASET_V1\03_runs\BATCH_003_SHALLOW_GENERALIZATION_24CASES_V3_AUDITED_20260704\B003_SHALLOW_DISTRACTOR_010\labels\interface_mask_visible_phase_bscan.npy,742f1c474cee91b63230e3290544c2fdc80d40975f9ee98fc8623b04e599d997,data\PGDA_SYNTH_DATASET_V1\03_runs\BATCH_003_SHALLOW_GENERALIZATION_24CASES_V3_AUDITED_20260704\B003_SHALLOW_DISTRACTOR_010\labels\target_visible_phase_time_ns.npy,data\simulation_governance_v1_20260711\label_overrides\B003_SHALLOW_DISTRACTOR_010_visible_phase_mask_501x128.npy,742f1c474cee91b63230e3290544c2fdc80d40975f9ee98fc8623b04e599d997,data\simulation_governance_v1_20260711\supervision\B003_SHALLOW_DISTRACTOR_010_status_code.npy,data\simulation_governance_v1_20260711\supervision\B003_SHALLOW_DISTRACTOR_010_label_weight.npy,data\simulation_governance_v1_20260711\supervision\B003_SHALLOW_DISTRACTOR_010_ignore_mask.npy,visible_phase_distribution_from_explicit_visible_mask,0.334320,0.625815,DEVELOPMENT_ONLY_SIGNAL_SUPPORTED,,false,data\PGDA_SYNTH_DATASET_V1\03_runs\BATCH_003_SHALLOW_GENERALIZATION_24CASES_V3_AUDITED_20260704\B003_SHALLOW_DISTRACTOR_010,batch3,not_a_negative_sample
B003_SHALLOW_DISTRACTOR_011,development_train_candidate,true,false,true,data\PGDA_SYNTH_DATASET_V1\03_runs\BATCH_003_SHALLOW_GENERALIZATION_24CASES_V3_AUDITED_20260704\B003_SHALLOW_DISTRACTOR_011\raw\bscan.npy,281366cae56055b25533eef4c7d13f171a4a46ac4e1a037b5b200a92f6872f85,data\PGDA_SYNTH_DATASET_V1\03_runs\BATCH_003_SHALLOW_GENERALIZATION_24CASES_V3_AUDITED_20260704\B003_SHALLOW_DISTRACTOR_011\labels\interface_mask_visible_phase_bscan.npy,8928e77d3ee4cc45a48e8175bd8b55d40abf5147a31374049db2d21ca2ac4123,data\PGDA_SYNTH_DATASET_V1\03_runs\BATCH_003_SHALLOW_GENERALIZATION_24CASES_V3_AUDITED_20260704\B003_SHALLOW_DISTRACTOR_011\labels\target_visible_phase_time_ns.npy,data\simulation_governance_v1_20260711\label_overrides\B003_SHALLOW_DISTRACTOR_011_visible_phase_mask_501x128.npy,8928e77d3ee4cc45a48e8175bd8b55d40abf5147a31374049db2d21ca2ac4123,data\simulation_governance_v1_20260711\supervision\B003_SHALLOW_DISTRACTOR_011_status_code.npy,data\simulation_governance_v1_20260711\supervision\B003_SHALLOW_DISTRACTOR_011_label_weight.npy,data\simulation_governance_v1_20260711\supervision\B003_SHALLOW_DISTRACTOR_011_ignore_mask.npy,visible_phase_distribution_from_explicit_visible_mask,0.364273,0.629553,DEVELOPMENT_ONLY_WEAK_POSITIVE,,true,data\PGDA_SYNTH_DATASET_V1\03_runs\BATCH_003_SHALLOW_GENERALIZATION_24CASES_V3_AUDITED_20260704\B003_SHALLOW_DISTRACTOR_011,batch3,not_a_negative_sample
B003_SHALLOW_DISTRACTOR_012,development_train_candidate,true,false,true,data\PGDA_SYNTH_DATASET_V1\03_runs\BATCH_003_SHALLOW_GENERALIZATION_24CASES_V3_AUDITED_20260704\B003_SHALLOW_DISTRACTOR_012\raw\bscan.npy,43b984d65271ae6614e4a05b8016b44767d2ae3f37daf5c7091a5537d5e45c27,data\PGDA_SYNTH_DATASET_V1\03_runs\BATCH_003_SHALLOW_GENERALIZATION_24CASES_V3_AUDITED_20260704\B003_SHALLOW_DISTRACTOR_012\labels\interface_mask_visible_phase_bscan.npy,7ad9f3c94966f1dc36753d779a164ed29c7d49c75041849a338f5073f0cad77a,data\PGDA_SYNTH_DATASET_V1\03_runs\BATCH_003_SHALLOW_GENERALIZATION_24CASES_V3_AUDITED_20260704\B003_SHALLOW_DISTRACTOR_012\labels\target_visible_phase_time_ns.npy,data\simulation_governance_v1_20260711\label_overrides\B003_SHALLOW_DISTRACTOR_012_visible_phase_mask_501x128.npy,7ad9f3c94966f1dc36753d779a164ed29c7d49c75041849a338f5073f0cad77a,data\simulation_governance_v1_20260711\supervision\B003_SHALLOW_DISTRACTOR_012_status_code.npy,data\simulation_governance_v1_20260711\supervision\B003_SHALLOW_DISTRACTOR_012_label_weight.npy,data\simulation_governance_v1_20260711\supervision\B003_SHALLOW_DISTRACTOR_012_ignore_mask.npy,visible_phase_distribution_from_explicit_visible_mask,0.322357,0.651678,DEVELOPMENT_ONLY_WEAK_POSITIVE,,true,data\PGDA_SYNTH_DATASET_V1\03_runs\BATCH_003_SHALLOW_GENERALIZATION_24CASES_V3_AUDITED_20260704\B003_SHALLOW_DISTRACTOR_012,batch3,not_a_negative_sample
LINE9_STYLE_001,diagnostic_only_template_or_artifact,false,false,true,data\PGDA_SYNTH_DATASET_V1\03_runs\batch_001_line9_style_12cases\LINE9_STYLE_001\raw\bscan.npy,efd457c1c938b7ad8e0a52e53fe5d18770d3c57fca4c27e8915a40b66cb779cf,data\PGDA_SYNTH_DATASET_V1\03_runs\batch_001_line9_style_12cases\LINE9_STYLE_001\labels\interface_mask_visible_phase_bscan.npy,d5783f0fc420f4385993bfa5698cc4b52ef6456ec8aec596529ea32f34c33019,data\PGDA_SYNTH_DATASET_V1\03_runs\batch_001_line9_style_12cases\LINE9_STYLE_001\labels\target_visible_phase_time_ns.npy,data\simulation_governance_v1_20260711\label_overrides\LINE9_STYLE_001_visible_phase_mask_501x128.npy,3540565cbc65de4ba9ffdfea7a451bd3c4b6a11703a3c9cc95bcf3b927eb696a,data\simulation_governance_v1_20260711\supervision\LINE9_STYLE_001_status_code.npy,data\simulation_governance_v1_20260711\supervision\LINE9_STYLE_001_label_weight.npy,data\simulation_governance_v1_20260711\supervision\LINE9_STYLE_001_ignore_mask.npy,visible_phase_distribution_from_explicit_visible_mask,0.357964,0.641518,REBUILD_LABEL_BEFORE_DEVELOPMENT,,false,data\PGDA_SYNTH_DATASET_V1\03_runs\batch_001_line9_style_12cases\LINE9_STYLE_001,batch1,not_a_negative_sample
LINE9_STYLE_002,diagnostic_only_template_or_artifact,false,false,true,data\PGDA_SYNTH_DATASET_V1\03_runs\batch_001_line9_style_12cases\LINE9_STYLE_002\raw\bscan.npy,54c2a70e72d41c5769811a205e09122ecf99cdb54cdca80fee1b3ae2cd7cfd88,data\PGDA_SYNTH_DATASET_V1\03_runs\batch_001_line9_style_12cases\LINE9_STYLE_002\labels\interface_mask_visible_phase_bscan.npy,303d4191258630bf369279b0671c0ed02712132e44a30a006618643a5845ca48,data\PGDA_SYNTH_DATASET_V1\03_runs\batch_001_line9_style_12cases\LINE9_STYLE_002\labels\target_visible_phase_time_ns.npy,data\simulation_governance_v1_20260711\label_overrides\LINE9_STYLE_002_visible_phase_mask_501x128.npy,3f051ddff43c4758f751a7f1764ba4b3b1f9c413698293ff64f5e65050b73779,data\simulation_governance_v1_20260711\supervision\LINE9_STYLE_002_status_code.npy,data\simulation_governance_v1_20260711\supervision\LINE9_STYLE_002_label_weight.npy,data\simulation_governance_v1_20260711\supervision\LINE9_STYLE_002_ignore_mask.npy,visible_phase_distribution_from_explicit_visible_mask,0.305107,0.599735,REBUILD_LABEL_BEFORE_DEVELOPMENT,,false,data\PGDA_SYNTH_DATASET_V1\03_runs\batch_001_line9_style_12cases\LINE9_STYLE_002,batch1,not_a_negative_sample
LINE9_STYLE_003,diagnostic_only_template_or_artifact,false,false,true,data\PGDA_SYNTH_DATASET_V1\03_runs\batch_001_line9_style_12cases\LINE9_STYLE_003\raw\bscan.npy,be1799e5ee1749c0ab90de64e0aa6d44f5eb2b5e62da21c06b7f01a717ff1fed,data\PGDA_SYNTH_DATASET_V1\03_runs\batch_001_line9_style_12cases\LINE9_STYLE_003\labels\interface_mask_visible_phase_bscan.npy,17e4e866c86f241e9af0dbfa2b7190d1239d0cdbc9335bf1575016ceb640e22b,data\PGDA_SYNTH_DATASET_V1\03_runs\batch_001_line9_style_12cases\LINE9_STYLE_003\labels\target_visible_phase_time_ns.npy,data\simulation_governance_v1_20260711\label_overrides\LINE9_STYLE_003_visible_phase_mask_501x128.npy,31477b8ca4c795e48c7866f7efc82c468622bd9b85a018d2791635b8215e5907,data\simulation_governance_v1_20260711\supervision\LINE9_STYLE_003_status_code.npy,data\simulation_governance_v1_20260711\supervision\LINE9_STYLE_003_label_weight.npy,data\simulation_governance_v1_20260711\supervision\LINE9_STYLE_003_ignore_mask.npy,visible_phase_distribution_from_explicit_visible_mask,0.341080,0.616872,REBUILD_LABEL_BEFORE_DEVELOPMENT,,false,data\PGDA_SYNTH_DATASET_V1\03_runs\batch_001_line9_style_12cases\LINE9_STYLE_003,batch1,not_a_negative_sample
LINE9_STYLE_004,diagnostic_only_template_or_artifact,false,false,true,data\PGDA_SYNTH_DATASET_V1\03_runs\batch_001_line9_style_12cases\LINE9_STYLE_004\raw\bscan.npy,aeb6c2e0186bf48be33d6d6248f81e0f9009ac39dfbbfd5b29ec47ce3f7c6f7b,data\PGDA_SYNTH_DATASET_V1\03_runs\batch_001_line9_style_12cases\LINE9_STYLE_004\labels\interface_mask_visible_phase_bscan.npy,b02fae909b5c2e8a498700e87a5d27624567bebf353c85f9f3b04d31709f43c7,data\PGDA_SYNTH_DATASET_V1\03_runs\batch_001_line9_style_12cases\LINE9_STYLE_004\labels\target_visible_phase_time_ns.npy,data\simulation_governance_v1_20260711\label_overrides\LINE9_STYLE_004_visible_phase_mask_501x128.npy,1c8814524fdf548464ef595f1076c1ddc8b7518e2881dff521d6f7590bca6e0b,data\simulation_governance_v1_20260711\supervision\LINE9_STYLE_004_status_code.npy,data\simulation_governance_v1_20260711\supervision\LINE9_STYLE_004_label_weight.npy,data\simulation_governance_v1_20260711\supervision\LINE9_STYLE_004_ignore_mask.npy,visible_phase_distribution_from_explicit_visible_mask,0.352626,0.638682,REBUILD_LABEL_BEFORE_DEVELOPMENT,,false,data\PGDA_SYNTH_DATASET_V1\03_runs\batch_001_line9_style_12cases\LINE9_STYLE_004,batch1,not_a_negative_sample
LINE9_STYLE_005,diagnostic_only_template_or_artifact,false,false,true,data\PGDA_SYNTH_DATASET_V1\03_runs\batch_001_line9_style_12cases\LINE9_STYLE_005\raw\bscan.npy,1fef1f45e7c79466ddefa85befbb304b331de5688050546cd6c1a6a0c4a87281,data\PGDA_SYNTH_DATASET_V1\03_runs\batch_001_line9_style_12cases\LINE9_STYLE_005\labels\interface_mask_visible_phase_bscan.npy,32880d95af55f072f3eeba1631982baa06270ded4295f6d89a5a75f370f35954,data\PGDA_SYNTH_DATASET_V1\03_runs\batch_001_line9_style_12cases\LINE9_STYLE_005\labels\target_visible_phase_time_ns.npy,data\simulation_governance_v1_20260711\label_overrides\LINE9_STYLE_005_visible_phase_mask_501x128.npy,e1d22918d2d544ca9cefa18f7f8df5d0f0039622154446d776d78c099a70570c,data\simulation_governance_v1_20260711\supervision\LINE9_STYLE_005_status_code.npy,data\simulation_governance_v1_20260711\supervision\LINE9_STYLE_005_label_weight.npy,data\simulation_governance_v1_20260711\supervision\LINE9_STYLE_005_ignore_mask.npy,visible_phase_distribution_from_explicit_visible_mask,0.342041,0.628671,REBUILD_LABEL_BEFORE_DEVELOPMENT,,false,data\PGDA_SYNTH_DATASET_V1\03_runs\batch_001_line9_style_12cases\LINE9_STYLE_005,batch1,not_a_negative_sample
LINE9_STYLE_006,diagnostic_only_template_or_artifact,false,false,true,data\PGDA_SYNTH_DATASET_V1\03_runs\batch_001_line9_style_12cases\LINE9_STYLE_006\raw\bscan.npy,151d92d4bdddcce25d8c35207bc15f19d8b87c410309396d83e2f3cb90df08ed,data\PGDA_SYNTH_DATASET_V1\03_runs\batch_001_line9_style_12cases\LINE9_STYLE_006\labels\interface_mask_visible_phase_bscan.npy,59d4c54a9d7c80ef5bb36d741f81011a96f8d2931bbd16e16519aec89f95b0d1,data\PGDA_SYNTH_DATASET_V1\03_runs\batch_001_line9_style_12cases\LINE9_STYLE_006\labels\target_visible_phase_time_ns.npy,data\simulation_governance_v1_20260711\label_overrides\LINE9_STYLE_006_visible_phase_mask_501x128.npy,e64884df85bc153410ecd8997e7ad9a539c1b4957f2bdfb79201949fdfe71b18,data\simulation_governance_v1_20260711\supervision\LINE9_STYLE_006_status_code.npy,data\simulation_governance_v1_20260711\supervision\LINE9_STYLE_006_label_weight.npy,data\simulation_governance_v1_20260711\supervision\LINE9_STYLE_006_ignore_mask.npy,visible_phase_distribution_from_explicit_visible_mask,0.342529,0.645494,REBUILD_LABEL_BEFORE_DEVELOPMENT,,false,data\PGDA_SYNTH_DATASET_V1\03_runs\batch_001_line9_style_12cases\LINE9_STYLE_006,batch1,not_a_negative_sample
LINE9_STYLE_007,diagnostic_only_template_or_artifact,false,false,true,data\PGDA_SYNTH_DATASET_V1\03_runs\batch_001_line9_style_12cases\LINE9_STYLE_007\raw\bscan.npy,a4a4befb48467644d196a21c799be7f9e614da40af62aff97c089bad6458817d,data\PGDA_SYNTH_DATASET_V1\03_runs\batch_001_line9_style_12cases\LINE9_STYLE_007\labels\interface_mask_visible_phase_bscan.npy,c9fe8bc35ee87a6193a610c0590408b5b8fe714f48fd28794beca681122305b1,data\PGDA_SYNTH_DATASET_V1\03_runs\batch_001_line9_style_12cases\LINE9_STYLE_007\labels\target_visible_phase_time_ns.npy,data\simulation_governance_v1_20260711\label_overrides\LINE9_STYLE_007_visible_phase_mask_501x128.npy,fb487921ba74e8dafadfc3403dea108754515ca6087e360ebbcbc4a333e7fa45,data\simulation_governance_v1_20260711\supervision\LINE9_STYLE_007_status_code.npy,data\simulation_governance_v1_20260711\supervision\LINE9_STYLE_007_label_weight.npy,data\simulation_governance_v1_20260711\supervision\LINE9_STYLE_007_ignore_mask.npy,visible_phase_distribution_from_explicit_visible_mask,0.350759,0.636200,REBUILD_LABEL_BEFORE_DEVELOPMENT,,false,data\PGDA_SYNTH_DATASET_V1\03_runs\batch_001_line9_style_12cases\LINE9_STYLE_007,batch1,not_a_negative_sample
LINE9_STYLE_008,diagnostic_only_template_or_artifact,false,false,true,data\PGDA_SYNTH_DATASET_V1\03_runs\batch_001_line9_style_12cases\LINE9_STYLE_008\raw\bscan.npy,ff076be33ea00f9d8f4d54ffe4be57a53a8f79a2a831d8ee3e1a2e3178bed87b,data\PGDA_SYNTH_DATASET_V1\03_runs\batch_001_line9_style_12cases\LINE9_STYLE_008\labels\interface_mask_visible_phase_bscan.npy,74eb9e83723fc6b79e2a3e53acffa3c5bb8661286a49ad307cda3d62f04de3ff,data\PGDA_SYNTH_DATASET_V1\03_runs\batch_001_line9_style_12cases\LINE9_STYLE_008\labels\target_visible_phase_time_ns.npy,data\simulation_governance_v1_20260711\label_overrides\LINE9_STYLE_008_visible_phase_mask_501x128.npy,66a98facf0a3d8d65f961d89b47629a47929eb46f2dd9985b4df9b6880f26e25,data\simulation_governance_v1_20260711\supervision\LINE9_STYLE_008_status_code.npy,data\simulation_governance_v1_20260711\supervision\LINE9_STYLE_008_label_weight.npy,data\simulation_governance_v1_20260711\supervision\LINE9_STYLE_008_ignore_mask.npy,visible_phase_distribution_from_explicit_visible_mask,0.343358,0.617988,REBUILD_LABEL_BEFORE_DEVELOPMENT,,false,data\PGDA_SYNTH_DATASET_V1\03_runs\batch_001_line9_style_12cases\LINE9_STYLE_008,batch1,not_a_negative_sample
LINE9_STYLE_009,diagnostic_only_template_or_artifact,false,false,true,data\PGDA_SYNTH_DATASET_V1\03_runs\batch_001_line9_style_12cases\LINE9_STYLE_009\raw\bscan.npy,a93e8048b3885986362ebd15e8801764d8a67008506440eda1b4a9cb4fbc11dd,data\PGDA_SYNTH_DATASET_V1\03_runs\batch_001_line9_style_12cases\LINE9_STYLE_009\labels\interface_mask_visible_phase_bscan.npy,05e96a9616a5d21730c72ad5a8c61467ed8dfbf56967aa97da6eaa98bc2b04d3,data\PGDA_SYNTH_DATASET_V1\03_runs\batch_001_line9_style_12cases\LINE9_STYLE_009\labels\target_visible_phase_time_ns.npy,data\simulation_governance_v1_20260711\label_overrides\LINE9_STYLE_009_visible_phase_mask_501x128.npy,cbb1534d7be7cf8077609aba60f32809ddac28c91506f00342138ba8bc14bd5b,data\simulation_governance_v1_20260711\supervision\LINE9_STYLE_009_status_code.npy,data\simulation_governance_v1_20260711\supervision\LINE9_STYLE_009_label_weight.npy,data\simulation_governance_v1_20260711\supervision\LINE9_STYLE_009_ignore_mask.npy,visible_phase_distribution_from_explicit_visible_mask,0.411827,0.667883,REBUILD_LABEL_BEFORE_DEVELOPMENT,,false,data\PGDA_SYNTH_DATASET_V1\03_runs\batch_001_line9_style_12cases\LINE9_STYLE_009,batch1,not_a_negative_sample
LINE9_STYLE_010,diagnostic_only_template_or_artifact,false,false,true,data\PGDA_SYNTH_DATASET_V1\03_runs\batch_001_line9_style_12cases\LINE9_STYLE_010\raw\bscan.npy,7e57d8d1cb26b0447a136a493d21244df1e2be229329d2ebb352756b7f3a120e,data\PGDA_SYNTH_DATASET_V1\03_runs\batch_001_line9_style_12cases\LINE9_STYLE_010\labels\interface_mask_visible_phase_bscan.npy,5aa92271aa217051e542e25471dbbebcd7e57b5543f587c8193f3a320ca53e59,data\PGDA_SYNTH_DATASET_V1\03_runs\batch_001_line9_style_12cases\LINE9_STYLE_010\labels\target_visible_phase_time_ns.npy,data\simulation_governance_v1_20260711\label_overrides\LINE9_STYLE_010_visible_phase_mask_501x128.npy,0d4b0d36d092753358c435d785f35823529cdad5b26d3e1bda4a43d93c3db0a9,data\simulation_governance_v1_20260711\supervision\LINE9_STYLE_010_status_code.npy,data\simulation_governance_v1_20260711\supervision\LINE9_STYLE_010_label_weight.npy,data\simulation_governance_v1_20260711\supervision\LINE9_STYLE_010_ignore_mask.npy,visible_phase_distribution_from_explicit_visible_mask,0.319143,0.603954,REBUILD_LABEL_BEFORE_DEVELOPMENT,,false,data\PGDA_SYNTH_DATASET_V1\03_runs\batch_001_line9_style_12cases\LINE9_STYLE_010,batch1,not_a_negative_sample
LINE9_STYLE_V1_001,diagnostic_only_template_or_artifact,false,false,true,data\PGDA_SYNTH_DATASET_V1\05_accepted_dataset\line9_style\flat\LINE9_STYLE_V1_001\input\raw_bscan.npy,e7f5e1f28c5764d536e1402ccdd7461440ea0d2c454f5a88c734cdf7249bee07,data\PGDA_SYNTH_DATASET_V1\05_accepted_dataset\line9_style\flat\LINE9_STYLE_V1_001\label\interface_mask_bscan.npy,789a075c1baf2b61a05d3aa97724be2f73449befd627810ae158717bca53a2a2,data\PGDA_SYNTH_DATASET_V1\05_accepted_dataset\line9_style\flat\LINE9_STYLE_V1_001\label\target_visible_phase_time_ns.npy,data\simulation_governance_v1_20260711\label_overrides\LINE9_STYLE_V1_001_visible_phase_mask_501x128.npy,f81bc9b8736f5676052aff0e0cad25a0e8970615a46b122331559c9c9d3559f0,data\simulation_governance_v1_20260711\supervision\LINE9_STYLE_V1_001_status_code.npy,data\simulation_governance_v1_20260711\supervision\LINE9_STYLE_V1_001_label_weight.npy,data\simulation_governance_v1_20260711\supervision\LINE9_STYLE_V1_001_ignore_mask.npy,visible_phase_distribution_from_explicit_visible_mask,0.428671,0.635775,REBUILD_LABEL_AND_LOCAL_IGNORE,47-52,false,data\PGDA_SYNTH_DATASET_V1\05_accepted_dataset\line9_style\flat\LINE9_STYLE_V1_001,accepted,not_a_negative_sample
LINE9_TERRAIN_011,diagnostic_only_template_or_artifact,false,false,true,data\PGDA_SYNTH_DATASET_V1\03_runs\batch_001_line9_style_12cases\LINE9_TERRAIN_011\raw\bscan.npy,8648865864d777f1ae3b20212e6d8d9703934d12461883bfcf56821de55a2b2c,data\PGDA_SYNTH_DATASET_V1\03_runs\batch_001_line9_style_12cases\LINE9_TERRAIN_011\labels\interface_mask_visible_phase_bscan.npy,b181f6d1a838b4593b60bf7a428a53e500795e2971450f23891501be0eb8268e,data\PGDA_SYNTH_DATASET_V1\03_runs\batch_001_line9_style_12cases\LINE9_TERRAIN_011\labels\target_visible_phase_time_ns.npy,data\simulation_governance_v1_20260711\label_overrides\LINE9_TERRAIN_011_visible_phase_mask_501x128.npy,2a69dca70361a6155d6824d9cb14d6987cd05454aa5e63fdb1f782b5bc834e16,data\simulation_governance_v1_20260711\supervision\LINE9_TERRAIN_011_status_code.npy,data\simulation_governance_v1_20260711\supervision\LINE9_TERRAIN_011_label_weight.npy,data\simulation_governance_v1_20260711\supervision\LINE9_TERRAIN_011_ignore_mask.npy,visible_phase_distribution_from_explicit_visible_mask,0.365913,0.634915,REBUILD_LABEL_BEFORE_DEVELOPMENT,,false,data\PGDA_SYNTH_DATASET_V1\03_runs\batch_001_line9_style_12cases\LINE9_TERRAIN_011,batch1,not_a_negative_sample
LINE9_TERRAIN_012,diagnostic_only_template_or_artifact,false,false,true,data\PGDA_SYNTH_DATASET_V1\03_runs\batch_001_line9_style_12cases\LINE9_TERRAIN_012\raw\bscan.npy,9001b672c29ed6f8796e3e97b557a85e83b141e4f4b292f474d2d537ddfb5dd4,data\PGDA_SYNTH_DATASET_V1\03_runs\batch_001_line9_style_12cases\LINE9_TERRAIN_012\labels\interface_mask_visible_phase_bscan.npy,88125d53811b27b89682ca76f08e62a8abbc692a2acacc650cc34344e38c872c,data\PGDA_SYNTH_DATASET_V1\03_runs\batch_001_line9_style_12cases\LINE9_TERRAIN_012\labels\target_visible_phase_time_ns.npy,data\simulation_governance_v1_20260711\label_overrides\LINE9_TERRAIN_012_visible_phase_mask_501x128.npy,1c1b1937f5ec217cab8e003c119ee7568e83843202657010a7cb16c13534bcd8,data\simulation_governance_v1_20260711\supervision\LINE9_TERRAIN_012_status_code.npy,data\simulation_governance_v1_20260711\supervision\LINE9_TERRAIN_012_label_weight.npy,data\simulation_governance_v1_20260711\supervision\LINE9_TERRAIN_012_ignore_mask.npy,visible_phase_distribution_from_explicit_visible_mask,0.303884,0.586424,REBUILD_LABEL_BEFORE_DEVELOPMENT,,false,data\PGDA_SYNTH_DATASET_V1\03_runs\batch_001_line9_style_12cases\LINE9_TERRAIN_012,batch1,not_a_negative_sample
