case_id,source_group,case_path,scene_family_id,raw_path,label_path,raw_sha256,label_sha256,scene_world_path,scene_world_sha256,design_metrics_path,design_metrics_sha256,metadata_trusted,label_origin,label_semantics,reference_line,line9_conditioned,automatic_qc_grade,human_decision,train_allowed,line9_holdout_allowed,negative_semantics,exclusion_reason,contract_id,target_presence,trace_count,trace_spacing_m,physical_span_m,gprmax_version,postprocess_validated,release_tier,static_pair_topology_ok
B003_MEDDEPTH_013,batch3_audit,data/PGDA_SYNTH_DATASET_V1/03_runs/BATCH_003_SHALLOW_GENERALIZATION_24CASES_V3_AUDITED_20260704/B003_MEDDEPTH_013,B003_MEDDEPTH,data/PGDA_SYNTH_DATASET_V1/03_runs/BATCH_003_SHALLOW_GENERALIZATION_24CASES_V3_AUDITED_20260704/B003_MEDDEPTH_013/raw/bscan.npy,data/PGDA_SYNTH_DATASET_V1/03_runs/BATCH_003_SHALLOW_GENERALIZATION_24CASES_V3_AUDITED_20260704/B003_MEDDEPTH_013/labels/target_visible_phase_time_ns.npy,e8c1818b9131667188c8e6db59fe9b3f120241622e253310ac619cb430bc771a,ec6875a9fe0885f72f5250afdc1746ee0e05b8ee7402aa32e1e40d94c7558159,,,,,false,Line9_V14_conditioned,visible_phase,Line9,true,YELLOW,KEEP_INCONCLUSIVE,false,false,not_a_negative_sample,Peak support 0.531; Line9-conditioned data are quarantined from formal Line9 holdout training; case-local scene/design provenance is incomplete,,,,,,,,,
B003_MEDDEPTH_014,batch3_audit,data/PGDA_SYNTH_DATASET_V1/03_runs/BATCH_003_SHALLOW_GENERALIZATION_24CASES_V3_AUDITED_20260704/B003_MEDDEPTH_014,B003_MEDDEPTH,data/PGDA_SYNTH_DATASET_V1/03_runs/BATCH_003_SHALLOW_GENERALIZATION_24CASES_V3_AUDITED_20260704/B003_MEDDEPTH_014/raw/bscan.npy,data/PGDA_SYNTH_DATASET_V1/03_runs/BATCH_003_SHALLOW_GENERALIZATION_24CASES_V3_AUDITED_20260704/B003_MEDDEPTH_014/labels/target_visible_phase_time_ns.npy,82719e1886c5ca324136edb8a25867c19ec09f7392a5c48167417a37b55af728,95c11a8b7bd00682e270902732c47efb1c202b11f4a3b39d18982dfc7a6ad2df,,,,,false,Line9_V14_conditioned,visible_phase,Line9,true,YELLOW,KEEP_INCONCLUSIVE,false,false,not_a_negative_sample,Peak support 0.484; Line9-conditioned data are quarantined from formal Line9 holdout training; case-local scene/design provenance is incomplete,,,,,,,,,
B003_MEDDEPTH_015,batch3_audit,data/PGDA_SYNTH_DATASET_V1/03_runs/BATCH_003_SHALLOW_GENERALIZATION_24CASES_V3_AUDITED_20260704/B003_MEDDEPTH_015,B003_MEDDEPTH,data/PGDA_SYNTH_DATASET_V1/03_runs/BATCH_003_SHALLOW_GENERALIZATION_24CASES_V3_AUDITED_20260704/B003_MEDDEPTH_015/raw/bscan.npy,data/PGDA_SYNTH_DATASET_V1/03_runs/BATCH_003_SHALLOW_GENERALIZATION_24CASES_V3_AUDITED_20260704/B003_MEDDEPTH_015/labels/target_visible_phase_time_ns.npy,c5f0e924a580e8f642944ee0eff39f277feec0798ff254882918db45b54c2bc9,a3d5a81c28fa7e1997c18da67ba9a41fda25a05f13300d23b98eb7f44bd5be03,,,,,false,Line9_V14_conditioned,visible_phase,Line9,true,RED,EXCLUDE_FROM_POSITIVE_TRAINING,false,false,not_a_negative_sample,Support below 0.4; Line9-conditioned data are quarantined from formal Line9 holdout training; case-local scene/design provenance is incomplete,,,,,,,,,
B003_MEDDEPTH_016,batch3_audit,data/PGDA_SYNTH_DATASET_V1/03_runs/BATCH_003_SHALLOW_GENERALIZATION_24CASES_V3_AUDITED_20260704/B003_MEDDEPTH_016,B003_MEDDEPTH,data/PGDA_SYNTH_DATASET_V1/03_runs/BATCH_003_SHALLOW_GENERALIZATION_24CASES_V3_AUDITED_20260704/B003_MEDDEPTH_016/raw/bscan.npy,data/PGDA_SYNTH_DATASET_V1/03_runs/BATCH_003_SHALLOW_GENERALIZATION_24CASES_V3_AUDITED_20260704/B003_MEDDEPTH_016/labels/target_visible_phase_time_ns.npy,141488f3fc9a696146cbb3182d9d005547689e88e983e523ff2271d178be863b,b4b39e4ea8b93dcd0893f4b2b4a9f4623545342dc2ad22b89553b7ffaff62898,,,,,false,Line9_V14_conditioned,visible_phase,Line9,true,YELLOW,KEEP_INCONCLUSIVE,false,false,not_a_negative_sample,Peak support 0.461; Line9-conditioned data are quarantined from formal Line9 holdout training; case-local scene/design provenance is incomplete,,,,,,,,,
B003_MEDDEPTH_017,batch3_audit,data/PGDA_SYNTH_DATASET_V1/03_runs/BATCH_003_SHALLOW_GENERALIZATION_24CASES_V3_AUDITED_20260704/B003_MEDDEPTH_017,B003_MEDDEPTH,data/PGDA_SYNTH_DATASET_V1/03_runs/BATCH_003_SHALLOW_GENERALIZATION_24CASES_V3_AUDITED_20260704/B003_MEDDEPTH_017/raw/bscan.npy,data/PGDA_SYNTH_DATASET_V1/03_runs/BATCH_003_SHALLOW_GENERALIZATION_24CASES_V3_AUDITED_20260704/B003_MEDDEPTH_017/labels/target_visible_phase_time_ns.npy,355399fd4bf168c7295f987dfffb00ce132b2572402e6bb2d26d3d921c442fdc,be489b798042359e7b747fe7a4261541fdff3d18caa2b87af8c809c90f25807c,,,,,false,Line9_V14_conditioned,visible_phase,Line9,true,RED,EXCLUDE_FROM_POSITIVE_TRAINING,false,false,not_a_negative_sample,Support below 0.4; Line9-conditioned data are quarantined from formal Line9 holdout training; case-local scene/design provenance is incomplete,,,,,,,,,
B003_MEDDEPTH_018,batch3_audit,data/PGDA_SYNTH_DATASET_V1/03_runs/BATCH_003_SHALLOW_GENERALIZATION_24CASES_V3_AUDITED_20260704/B003_MEDDEPTH_018,B003_MEDDEPTH,data/PGDA_SYNTH_DATASET_V1/03_runs/BATCH_003_SHALLOW_GENERALIZATION_24CASES_V3_AUDITED_20260704/B003_MEDDEPTH_018/raw/bscan.npy,data/PGDA_SYNTH_DATASET_V1/03_runs/BATCH_003_SHALLOW_GENERALIZATION_24CASES_V3_AUDITED_20260704/B003_MEDDEPTH_018/labels/target_visible_phase_time_ns.npy,4a0651a76887845ad79dd17ac1d4bb24a9f559bea303b803ccf8ae35663a6109,50804f5b1674d97c699c6435ca6c71a3c12364ff20e85b42a33531b7caa982ef,,,,,false,Line9_V14_conditioned,visible_phase,Line9,true,RED,EXCLUDE_FROM_POSITIVE_TRAINING,false,false,not_a_negative_sample,Support below 0.4; Line9-conditioned data are quarantined from formal Line9 holdout training; case-local scene/design provenance is incomplete,,,,,,,,,
B003_MEDDEPTH_019,batch3_audit,data/PGDA_SYNTH_DATASET_V1/03_runs/BATCH_003_SHALLOW_GENERALIZATION_24CASES_V3_AUDITED_20260704/B003_MEDDEPTH_019,B003_MEDDEPTH,data/PGDA_SYNTH_DATASET_V1/03_runs/BATCH_003_SHALLOW_GENERALIZATION_24CASES_V3_AUDITED_20260704/B003_MEDDEPTH_019/raw/bscan.npy,data/PGDA_SYNTH_DATASET_V1/03_runs/BATCH_003_SHALLOW_GENERALIZATION_24CASES_V3_AUDITED_20260704/B003_MEDDEPTH_019/labels/target_visible_phase_time_ns.npy,039b6d07bbfc63019a5ceb4aeddb2f2ec90464dfbd1a83c6b1f0d0049d90be7d,394c951b87c75f36e4b01d9336d280bedbe2b54704fa13f871a638d981586d0e,,,,,false,Line9_V14_conditioned,visible_phase,Line9,true,YELLOW,KEEP_INCONCLUSIVE,false,false,not_a_negative_sample,Peak support 0.492; Line9-conditioned data are quarantined from formal Line9 holdout training; case-local scene/design provenance is incomplete,,,,,,,,,
B003_MEDDEPTH_020,batch3_audit,data/PGDA_SYNTH_DATASET_V1/03_runs/BATCH_003_SHALLOW_GENERALIZATION_24CASES_V3_AUDITED_20260704/B003_MEDDEPTH_020,B003_MEDDEPTH,data/PGDA_SYNTH_DATASET_V1/03_runs/BATCH_003_SHALLOW_GENERALIZATION_24CASES_V3_AUDITED_20260704/B003_MEDDEPTH_020/raw/bscan.npy,data/PGDA_SYNTH_DATASET_V1/03_runs/BATCH_003_SHALLOW_GENERALIZATION_24CASES_V3_AUDITED_20260704/B003_MEDDEPTH_020/labels/target_visible_phase_time_ns.npy,40038be717b297c957c9d8d6e4aaa29cdcc85dd42f62a5023629d86d26c98f9c,bc9e394b0916c79d981a257306a15d19ac7e711f4f06848534cdbb3e8cf75e61,,,,,false,Line9_V14_conditioned,visible_phase,Line9,true,YELLOW,KEEP_INCONCLUSIVE,false,false,not_a_negative_sample,Peak support 0.414; Line9-conditioned data are quarantined from formal Line9 holdout training; case-local scene/design provenance is incomplete,,,,,,,,,
B003_SHALLOW_DISTRACTOR_001,batch3_audit,data/PGDA_SYNTH_DATASET_V1/03_runs/BATCH_003_SHALLOW_GENERALIZATION_24CASES_V3_AUDITED_20260704/B003_SHALLOW_DISTRACTOR_001,B003_SHALLOW_DISTRACTOR,data/PGDA_SYNTH_DATASET_V1/03_runs/BATCH_003_SHALLOW_GENERALIZATION_24CASES_V3_AUDITED_20260704/B003_SHALLOW_DISTRACTOR_001/raw/bscan.npy,data/PGDA_SYNTH_DATASET_V1/03_runs/BATCH_003_SHALLOW_GENERALIZATION_24CASES_V3_AUDITED_20260704/B003_SHALLOW_DISTRACTOR_001/labels/target_visible_phase_time_ns.npy,d97331c2486bed71953524712e7f908bd081546d5e3d54c7c1b96437910e2b89,4eb216a3f1655b68647cdb783a5012ef3fc8342db37e7b6cb800063208b515c9,,,,,false,Line9_V14_conditioned,visible_phase,Line9,true,RED,EXCLUDE_FROM_POSITIVE_TRAINING,false,false,not_a_negative_sample,Support below 0.4; Line9-conditioned data are quarantined from formal Line9 holdout training; case-local scene/design provenance is incomplete,,,,,,,,,
B003_SHALLOW_DISTRACTOR_002,batch3_audit,data/PGDA_SYNTH_DATASET_V1/03_runs/BATCH_003_SHALLOW_GENERALIZATION_24CASES_V3_AUDITED_20260704/B003_SHALLOW_DISTRACTOR_002,B003_SHALLOW_DISTRACTOR,data/PGDA_SYNTH_DATASET_V1/03_runs/BATCH_003_SHALLOW_GENERALIZATION_24CASES_V3_AUDITED_20260704/B003_SHALLOW_DISTRACTOR_002/raw/bscan.npy,data/PGDA_SYNTH_DATASET_V1/03_runs/BATCH_003_SHALLOW_GENERALIZATION_24CASES_V3_AUDITED_20260704/B003_SHALLOW_DISTRACTOR_002/labels/target_visible_phase_time_ns.npy,9ab146324459ff4eb1f4f6e5da8af4c3c29e2a7d95882a51b6494ef481a2a166,5d405259fc3b4c62fb23a4d62a403d8b80a19e53502589d1e5c5c3b742a9d787,,,,,false,Line9_V14_conditioned,visible_phase,Line9,true,RED,EXCLUDE_FROM_POSITIVE_TRAINING,false,false,not_a_negative_sample,Support below 0.4; Line9-conditioned data are quarantined from formal Line9 holdout training; case-local scene/design provenance is incomplete,,,,,,,,,
B003_SHALLOW_DISTRACTOR_003,batch3_audit,data/PGDA_SYNTH_DATASET_V1/03_runs/BATCH_003_SHALLOW_GENERALIZATION_24CASES_V3_AUDITED_20260704/B003_SHALLOW_DISTRACTOR_003,B003_SHALLOW_DISTRACTOR,data/PGDA_SYNTH_DATASET_V1/03_runs/BATCH_003_SHALLOW_GENERALIZATION_24CASES_V3_AUDITED_20260704/B003_SHALLOW_DISTRACTOR_003/raw/bscan.npy,data/PGDA_SYNTH_DATASET_V1/03_runs/BATCH_003_SHALLOW_GENERALIZATION_24CASES_V3_AUDITED_20260704/B003_SHALLOW_DISTRACTOR_003/labels/target_visible_phase_time_ns.npy,853be3c05e3153499e9af126a9f697611d1df01d51d0ef1e871589f747deb35a,7deb0d0c951bcb638f311990d52837f0c4cede0fc125dac91af84f541c7984ff,,,,,false,Line9_V14_conditioned,visible_phase,Line9,true,RED,EXCLUDE_FROM_POSITIVE_TRAINING,false,false,not_a_negative_sample,Support below 0.4; Line9-conditioned data are quarantined from formal Line9 holdout training; case-local scene/design provenance is incomplete,,,,,,,,,
B003_SHALLOW_DISTRACTOR_004,batch3_audit,data/PGDA_SYNTH_DATASET_V1/03_runs/BATCH_003_SHALLOW_GENERALIZATION_24CASES_V3_AUDITED_20260704/B003_SHALLOW_DISTRACTOR_004,B003_SHALLOW_DISTRACTOR,data/PGDA_SYNTH_DATASET_V1/03_runs/BATCH_003_SHALLOW_GENERALIZATION_24CASES_V3_AUDITED_20260704/B003_SHALLOW_DISTRACTOR_004/raw/bscan.npy,data/PGDA_SYNTH_DATASET_V1/03_runs/BATCH_003_SHALLOW_GENERALIZATION_24CASES_V3_AUDITED_20260704/B003_SHALLOW_DISTRACTOR_004/labels/target_visible_phase_time_ns.npy,2afa075c4b588f8124161435586f330e535e644c981792c9d28d32f62e9750dc,d6f489e1cfad3f684ecd77bf59ca2e4280bf6c8dd7deb3a0ad1d21c16801820f,,,,,false,Line9_V14_conditioned,visible_phase,Line9,true,RED,EXCLUDE_FROM_POSITIVE_TRAINING,false,false,not_a_negative_sample,Support below 0.4; Line9-conditioned data are quarantined from formal Line9 holdout training; case-local scene/design provenance is incomplete,,,,,,,,,
B003_SHALLOW_DISTRACTOR_005,batch3_audit,data/PGDA_SYNTH_DATASET_V1/03_runs/BATCH_003_SHALLOW_GENERALIZATION_24CASES_V3_AUDITED_20260704/B003_SHALLOW_DISTRACTOR_005,B003_SHALLOW_DISTRACTOR,data/PGDA_SYNTH_DATASET_V1/03_runs/BATCH_003_SHALLOW_GENERALIZATION_24CASES_V3_AUDITED_20260704/B003_SHALLOW_DISTRACTOR_005/raw/bscan.npy,data/PGDA_SYNTH_DATASET_V1/03_runs/BATCH_003_SHALLOW_GENERALIZATION_24CASES_V3_AUDITED_20260704/B003_SHALLOW_DISTRACTOR_005/labels/target_visible_phase_time_ns.npy,f5a8b2db1890ee832fc7a3067fa63c26251c86709dc66cdba6f947e798a1bc94,fdbeb3ad96453840d603b4581e228d554001579e3d4cb853da3d28f968766a99,,,,,false,Line9_V14_conditioned,visible_phase,Line9,true,RED,EXCLUDE_FROM_POSITIVE_TRAINING,false,false,not_a_negative_sample,Support below 0.4; Line9-conditioned data are quarantined from formal Line9 holdout training; case-local scene/design provenance is incomplete,,,,,,,,,
B003_SHALLOW_DISTRACTOR_006,batch3_audit,data/PGDA_SYNTH_DATASET_V1/03_runs/BATCH_003_SHALLOW_GENERALIZATION_24CASES_V3_AUDITED_20260704/B003_SHALLOW_DISTRACTOR_006,B003_SHALLOW_DISTRACTOR,data/PGDA_SYNTH_DATASET_V1/03_runs/BATCH_003_SHALLOW_GENERALIZATION_24CASES_V3_AUDITED_20260704/B003_SHALLOW_DISTRACTOR_006/raw/bscan.npy,data/PGDA_SYNTH_DATASET_V1/03_runs/BATCH_003_SHALLOW_GENERALIZATION_24CASES_V3_AUDITED_20260704/B003_SHALLOW_DISTRACTOR_006/labels/target_visible_phase_time_ns.npy,8284d39ecffd4b243b975cca0850de681d65d77be8ed887588a7ce58c1741205,5a6b9bf96cbd4a7c6fcc9a02f782f2ecc7a626a7872b5a83aa7ed137d38ed925,,,,,false,Line9_V14_conditioned,visible_phase,Line9,true,GREEN,PROMOTE_CANDIDATE,false,false,not_a_negative_sample,Peak support 0.812; requires geometry review; Line9-conditioned data are quarantined from formal Line9 holdout training; case-local scene/design provenance is incomplete,,,,,,,,,
B003_SHALLOW_DISTRACTOR_007,batch3_audit,data/PGDA_SYNTH_DATASET_V1/03_runs/BATCH_003_SHALLOW_GENERALIZATION_24CASES_V3_AUDITED_20260704/B003_SHALLOW_DISTRACTOR_007,B003_SHALLOW_DISTRACTOR,data/PGDA_SYNTH_DATASET_V1/03_runs/BATCH_003_SHALLOW_GENERALIZATION_24CASES_V3_AUDITED_20260704/B003_SHALLOW_DISTRACTOR_007/raw/bscan.npy,data/PGDA_SYNTH_DATASET_V1/03_runs/BATCH_003_SHALLOW_GENERALIZATION_24CASES_V3_AUDITED_20260704/B003_SHALLOW_DISTRACTOR_007/labels/target_visible_phase_time_ns.npy,369857e5fa8ab81140d1592c6275835cf814e04af74d7da21ce16dd7998338d1,a7dd2267111f5aba4084c8416247e65d0e7b0fb97bdd21697baf7425eb25d375,,,,,false,Line9_V14_conditioned,visible_phase,Line9,true,GREEN,PROMOTE_CANDIDATE,false,false,not_a_negative_sample,Peak support 0.836; requires geometry review; Line9-conditioned data are quarantined from formal Line9 holdout training; case-local scene/design provenance is incomplete,,,,,,,,,
B003_SHALLOW_DISTRACTOR_008,batch3_audit,data/PGDA_SYNTH_DATASET_V1/03_runs/BATCH_003_SHALLOW_GENERALIZATION_24CASES_V3_AUDITED_20260704/B003_SHALLOW_DISTRACTOR_008,B003_SHALLOW_DISTRACTOR,data/PGDA_SYNTH_DATASET_V1/03_runs/BATCH_003_SHALLOW_GENERALIZATION_24CASES_V3_AUDITED_20260704/B003_SHALLOW_DISTRACTOR_008/raw/bscan.npy,data/PGDA_SYNTH_DATASET_V1/03_runs/BATCH_003_SHALLOW_GENERALIZATION_24CASES_V3_AUDITED_20260704/B003_SHALLOW_DISTRACTOR_008/labels/target_visible_phase_time_ns.npy,06bf281e923807566c12da421d80ad853fba6b6dbe3325ac18c332b21a250d44,8a81d662f2470b9dd3ccd290e3dd54929e242761f96fece40d2e0712cb4116d1,,,,,false,Line9_V14_conditioned,visible_phase,Line9,true,YELLOW,KEEP_INCONCLUSIVE,false,false,not_a_negative_sample,Peak support 0.406; Line9-conditioned data are quarantined from formal Line9 holdout training; case-local scene/design provenance is incomplete,,,,,,,,,
B003_SHALLOW_DISTRACTOR_009,batch3_audit,data/PGDA_SYNTH_DATASET_V1/03_runs/BATCH_003_SHALLOW_GENERALIZATION_24CASES_V3_AUDITED_20260704/B003_SHALLOW_DISTRACTOR_009,B003_SHALLOW_DISTRACTOR,data/PGDA_SYNTH_DATASET_V1/03_runs/BATCH_003_SHALLOW_GENERALIZATION_24CASES_V3_AUDITED_20260704/B003_SHALLOW_DISTRACTOR_009/raw/bscan.npy,data/PGDA_SYNTH_DATASET_V1/03_runs/BATCH_003_SHALLOW_GENERALIZATION_24CASES_V3_AUDITED_20260704/B003_SHALLOW_DISTRACTOR_009/labels/target_visible_phase_time_ns.npy,f0069f535dfc352894e9f2a0306135fd0dcc0db86c7f0bced71dba82b9314ecf,102add85e7d7762b7f2a907500dd4a084f98a75e15df3251099681ee47e030e9,,,,,false,Line9_V14_conditioned,visible_phase,Line9,true,RED,EXCLUDE_FROM_POSITIVE_TRAINING,false,false,not_a_negative_sample,Support below 0.4; Line9-conditioned data are quarantined from formal Line9 holdout training; case-local scene/design provenance is incomplete,,,,,,,,,
B003_SHALLOW_DISTRACTOR_010,batch3_audit,data/PGDA_SYNTH_DATASET_V1/03_runs/BATCH_003_SHALLOW_GENERALIZATION_24CASES_V3_AUDITED_20260704/B003_SHALLOW_DISTRACTOR_010,B003_SHALLOW_DISTRACTOR,data/PGDA_SYNTH_DATASET_V1/03_runs/BATCH_003_SHALLOW_GENERALIZATION_24CASES_V3_AUDITED_20260704/B003_SHALLOW_DISTRACTOR_010/raw/bscan.npy,data/PGDA_SYNTH_DATASET_V1/03_runs/BATCH_003_SHALLOW_GENERALIZATION_24CASES_V3_AUDITED_20260704/B003_SHALLOW_DISTRACTOR_010/labels/target_visible_phase_time_ns.npy,657a4eb7de9e4178c284c649966914c81b034188a0411b2662dc158ef57c89e6,604922f1c08e8d038fdd2dd9eb733466b7d2bca3e7af6ca83237b821a1ae780c,,,,,false,Line9_V14_conditioned,visible_phase,Line9,true,RED,EXCLUDE_FROM_POSITIVE_TRAINING,false,false,not_a_negative_sample,Peak ratio below 0.3 and support 0.180; Line9-conditioned data are quarantined from formal Line9 holdout training; case-local scene/design provenance is incomplete,,,,,,,,,
B003_SHALLOW_DISTRACTOR_011,batch3_audit,data/PGDA_SYNTH_DATASET_V1/03_runs/BATCH_003_SHALLOW_GENERALIZATION_24CASES_V3_AUDITED_20260704/B003_SHALLOW_DISTRACTOR_011,B003_SHALLOW_DISTRACTOR,data/PGDA_SYNTH_DATASET_V1/03_runs/BATCH_003_SHALLOW_GENERALIZATION_24CASES_V3_AUDITED_20260704/B003_SHALLOW_DISTRACTOR_011/raw/bscan.npy,data/PGDA_SYNTH_DATASET_V1/03_runs/BATCH_003_SHALLOW_GENERALIZATION_24CASES_V3_AUDITED_20260704/B003_SHALLOW_DISTRACTOR_011/labels/target_visible_phase_time_ns.npy,281366cae56055b25533eef4c7d13f171a4a46ac4e1a037b5b200a92f6872f85,f5efc6870944547b945275ff38b1fe89fa920324cf48cb4295a68352ae0af3cd,,,,,false,Line9_V14_conditioned,visible_phase,Line9,true,GREEN,PROMOTE_CANDIDATE,false,false,not_a_negative_sample,Peak support 0.672; requires geometry review; Line9-conditioned data are quarantined from formal Line9 holdout training; case-local scene/design provenance is incomplete,,,,,,,,,
B003_SHALLOW_DISTRACTOR_012,batch3_audit,data/PGDA_SYNTH_DATASET_V1/03_runs/BATCH_003_SHALLOW_GENERALIZATION_24CASES_V3_AUDITED_20260704/B003_SHALLOW_DISTRACTOR_012,B003_SHALLOW_DISTRACTOR,data/PGDA_SYNTH_DATASET_V1/03_runs/BATCH_003_SHALLOW_GENERALIZATION_24CASES_V3_AUDITED_20260704/B003_SHALLOW_DISTRACTOR_012/raw/bscan.npy,data/PGDA_SYNTH_DATASET_V1/03_runs/BATCH_003_SHALLOW_GENERALIZATION_24CASES_V3_AUDITED_20260704/B003_SHALLOW_DISTRACTOR_012/labels/target_visible_phase_time_ns.npy,43b984d65271ae6614e4a05b8016b44767d2ae3f37daf5c7091a5537d5e45c27,6640268e8902714a8bc742d6681f02e2d8aead77309e4801b8d6f8cd455bf42f,,,,,false,Line9_V14_conditioned,visible_phase,Line9,true,RED,EXCLUDE_FROM_POSITIVE_TRAINING,false,false,not_a_negative_sample,Peak ratio below 0.3 and support 0.203; Line9-conditioned data are quarantined from formal Line9 holdout training; case-local scene/design provenance is incomplete,,,,,,,,,
CTRL01_FLAT_SHALLOW_LOWLOSS_POS,independent_simulation_v2_release_gate,outputs/simulation_v2_controls/official_audited_20260711/CTRL01_FLAT_SHALLOW_LOWLOSS_POS,flat_shallow_reference,outputs/simulation_v2_controls/official_audited_20260711/CTRL01_FLAT_SHALLOW_LOWLOSS_POS/labels/full_scene_501x256.npy,outputs/simulation_v2_controls/official_audited_20260711/CTRL01_FLAT_SHALLOW_LOWLOSS_POS/labels/target_mask_visible_phase_501x256.npy,bf0551dba26de47a435da8b63cba57a088b830170cc6b39e6cdcfd49ee8ccdd6,8595c586d0d4007b5c095080e481c1deb04e34af1d146c454a3a58fe960200bc,outputs/simulation_v2_controls/official_audited_20260711/CTRL01_FLAT_SHALLOW_LOWLOSS_POS/scene_manifest.json,d440c25641576680d1409f618bf830b2cf1cc282700dde16d7215e2757d6ec17,outputs/simulation_v2_controls/official_audited_20260711/CTRL01_FLAT_SHALLOW_LOWLOSS_POS/pair_audit/pair_audit_validation.json,b4e8f1ae0dc1e8d699736c6cd14d56d25e27558a0597354936bd55ae1183928b,false,strict_or_topology_matched_full_minus_no_basal,visible_phase_full_minus_no_basal,,false,V2_RELEASE_AUDIT,DIAGNOSTIC_REFERENCE_ONLY,false,pending_explicit_promotion,not_a_negative_sample,Flat low-loss reference is visually idealised and dominated by endpoint artifacts.,PGDA_SIMULATION_CONTRACT_V2,true,256,0.09,22.95,3.1.7,true,diagnostic_reference_only,true
CTRL02_FLAT_DEEP_MODERATE_POS,independent_simulation_v2_release_gate,outputs/simulation_v2_controls/official_audited_20260711/CTRL02_FLAT_DEEP_MODERATE_POS,flat_deep_reference,outputs/simulation_v2_controls/official_audited_20260711/CTRL02_FLAT_DEEP_MODERATE_POS/labels/full_scene_501x256.npy,outputs/simulation_v2_controls/official_audited_20260711/CTRL02_FLAT_DEEP_MODERATE_POS/labels/target_mask_visible_phase_501x256.npy,4671b79598a301442f5d7a5fdde656fdaeef148bf0893528b082fa3a6ffa86c4,ccbb4de1dd320afd7993403e2c21dbe0ce1220328665db99a5cb9ff867064710,outputs/simulation_v2_controls/official_audited_20260711/CTRL02_FLAT_DEEP_MODERATE_POS/scene_manifest.json,d9648fce145007875adab3eb1b13075828acc85ae9ff81d4758daea4f77be841,outputs/simulation_v2_controls/official_audited_20260711/CTRL02_FLAT_DEEP_MODERATE_POS/pair_audit/pair_audit_validation.json,0df1139ded55f13d435e21263f79536a7fb206db0491bcee41810d2904b7899a,false,strict_or_topology_matched_full_minus_no_basal,visible_phase_full_minus_no_basal,,false,V2_RELEASE_AUDIT,DIAGNOSTIC_REFERENCE_ONLY,false,pending_explicit_promotion,not_a_negative_sample,"Flat deep reference is useful for timing regression, not morphology training.",PGDA_SIMULATION_CONTRACT_V2,true,256,0.09,22.95,3.1.7,true,diagnostic_reference_only,true
CTRL03_SMOOTH_INTERFACE_POS,independent_simulation_v2_release_gate,outputs/simulation_v2_controls/official_audited_20260711/CTRL03_SMOOTH_INTERFACE_POS,gentle_single_basal_reference,outputs/simulation_v2_controls/official_audited_20260711/CTRL03_SMOOTH_INTERFACE_POS/labels/full_scene_501x256.npy,outputs/simulation_v2_controls/official_audited_20260711/CTRL03_SMOOTH_INTERFACE_POS/labels/target_mask_visible_phase_501x256.npy,43e67d6b9349bbcb36792291510a70630524f1c3012813608ca4d48de60e2127,3fceb32de533290b44b7a0ced3585aa0c12f745b96daca3bc7c0cf808893b369,outputs/simulation_v2_controls/official_audited_20260711/CTRL03_SMOOTH_INTERFACE_POS/scene_manifest.json,79623aba5a4aa17e29773e42672859e6f64ad09692b307bfc71d061cda3b1dcb,outputs/simulation_v2_controls/official_audited_20260711/CTRL03_SMOOTH_INTERFACE_POS/pair_audit/pair_audit_validation.json,4457be1fe1f300fe860f506892202bd4f232dd0c4792530ff8635fcfcf49a32c,false,strict_or_topology_matched_full_minus_no_basal,visible_phase_full_minus_no_basal,,false,V2_RELEASE_AUDIT,DEVELOPMENT_POSITIVE_CANDIDATE,false,pending_explicit_promotion,not_a_negative_sample,"Clean matched contrast, but the interface is too smooth and old per-trace provenance is incomplete.",PGDA_SIMULATION_CONTRACT_V2,true,256,0.09,22.95,3.1.7,true,development_positive_candidate,true
CTRL04_MATCHED_BACKGROUND_NEG,independent_simulation_v2_release_gate,outputs/simulation_v2_controls/official_audited_20260711/CTRL04_MATCHED_BACKGROUND_NEG,matched_background_negative,outputs/simulation_v2_controls/official_audited_20260711/CTRL04_MATCHED_BACKGROUND_NEG/labels/full_scene_501x256.npy,outputs/simulation_v2_controls/official_audited_20260711/CTRL04_MATCHED_BACKGROUND_NEG/labels/target_mask_confirmed_negative_501x256.npy,d4df89e37094096323b8356b57f0b5fc3a79c10c8cf4574af907c3f0fbfa474c,1d264af8eb7611a22c73d445cb2a160f716c8b950d49655204030d267eeeaff4,outputs/simulation_v2_controls/official_audited_20260711/CTRL04_MATCHED_BACKGROUND_NEG/scene_manifest.json,e386bb006806bbaee5e64f536eb2729572b6b7b78e99bfb79f80587168e6cf6f,outputs/simulation_v2_controls/official_audited_20260711/CTRL04_MATCHED_BACKGROUND_NEG/postprocess_validation.json,8716e18099fa707c4dd70e5b7260c565e94d53e46756ba3672d60e231c4d638f,false,explicit_target_absence_design,confirmed_negative_zero_target_mask,,false,V2_RELEASE_AUDIT,DEVELOPMENT_TRUE_NEGATIVE_CANDIDATE,false,pending_explicit_promotion,true_negative_candidate_not_formally_promoted,The scene is explicitly basal-free and its zero mask is validated; old metadata remains untrusted.,PGDA_SIMULATION_CONTRACT_V2,false,256,0.09,22.95,3.1.7,true,development_true_negative_candidate,true
CTRL05_GENTLE_TERRAIN_WEAK_LAYER_POS,independent_simulation_v2_release_gate,outputs/simulation_v2_controls/official_audited_20260711/CTRL05_GENTLE_TERRAIN_WEAK_LAYER_POS,gentle_terrain_single_basal_reference,outputs/simulation_v2_controls/official_audited_20260711/CTRL05_GENTLE_TERRAIN_WEAK_LAYER_POS/labels/full_scene_501x256.npy,outputs/simulation_v2_controls/official_audited_20260711/CTRL05_GENTLE_TERRAIN_WEAK_LAYER_POS/labels/target_mask_visible_phase_501x256.npy,7f7bd5cc0eac1c69346158d97ae6cb81451936f659e3f41312fd5f4b3db2b574,cab284e4abd39c6c2ad4a3b36be7d7953237130de8c36256afab76c4f8995ed2,outputs/simulation_v2_controls/official_audited_20260711/CTRL05_GENTLE_TERRAIN_WEAK_LAYER_POS/scene_manifest.json,d0a4d160be5946ef8b3bb92dc0cbb1c28eb7a057ee7ca35454061188298ec80b,outputs/simulation_v2_controls/official_audited_20260711/CTRL05_GENTLE_TERRAIN_WEAK_LAYER_POS/pair_audit/pair_audit_validation.json,01bd0226f36173c8794b21d386f8b370f88ec86e7ab6cc73165db38dc2f73515,false,strict_or_topology_matched_full_minus_no_basal,visible_phase_full_minus_no_basal,,false,V2_RELEASE_AUDIT,DEVELOPMENT_POSITIVE_CANDIDATE,false,pending_explicit_promotion,not_a_negative_sample,"Clean weak-layer response, but morphology and acquisition remain idealised.",PGDA_SIMULATION_CONTRACT_V2,true,256,0.09,22.95,3.1.7,true,development_positive_candidate,true
CTRL06_LATERAL_VARIATION_POS,independent_simulation_v2_release_gate,outputs/simulation_v2_controls/official_audited_20260711/CTRL06_LATERAL_VARIATION_POS,local_lateral_variation_single_basal_reference,outputs/simulation_v2_controls/official_audited_20260711/CTRL06_LATERAL_VARIATION_POS/labels/full_scene_501x256.npy,outputs/simulation_v2_controls/official_audited_20260711/CTRL06_LATERAL_VARIATION_POS/labels/target_mask_visible_phase_501x256.npy,78994952c7011fc405eb34339375a0299522d53d3478a610caab0fa400eb7094,7047d42263026419b0332c6ad6e1359aa8b6859b9981d4cb425a7dc1b824d730,outputs/simulation_v2_controls/official_audited_20260711/CTRL06_LATERAL_VARIATION_POS/scene_manifest.json,9c2691b2dab5a697fd8712fc0e26c15979831e56e7b644a33dcecfbda34f1697,outputs/simulation_v2_controls/official_audited_20260711/CTRL06_LATERAL_VARIATION_POS/pair_audit/pair_audit_validation.json,8a7be9318a41af1a48ad05825904781b2f65cdcf567356ac7753d447f6e93a48,false,strict_or_topology_matched_full_minus_no_basal,visible_phase_full_minus_no_basal,,false,V2_RELEASE_AUDIT,ARTIFACT_DIAGNOSTIC_ONLY,false,pending_explicit_promotion,not_a_negative_sample,A strong crossing artifact intersects the target and can confound positive supervision.,PGDA_SIMULATION_CONTRACT_V2,true,256,0.09,22.95,3.1.7,true,artifact_diagnostic_only,true
LINE9_STYLE_001,accepted_quarantine,data/PGDA_SYNTH_DATASET_V1/05_accepted_dataset/line9_style/mixed/LINE9_STYLE_001,LINE9_STYLE,data/PGDA_SYNTH_DATASET_V1/05_accepted_dataset/line9_style/mixed/LINE9_STYLE_001/input/raw_bscan.npy,data/PGDA_SYNTH_DATASET_V1/05_accepted_dataset/line9_style/mixed/LINE9_STYLE_001/label/target_visible_phase_time_ns.npy,efd457c1c938b7ad8e0a52e53fe5d18770d3c57fca4c27e8915a40b66cb779cf,3a6b7bb0cf6db49b42d6a540c81013de052442b2683d41ef182df8e979cc5d46,data/PGDA_SYNTH_DATASET_V1/05_accepted_dataset/line9_style/mixed/LINE9_STYLE_001/metadata/scene_world.json,372246858e42f4ba7f43a591cac98264e5e2236132348cc923159a3577ba8b0e,data/PGDA_SYNTH_DATASET_V1/05_accepted_dataset/line9_style/mixed/LINE9_STYLE_001/metadata/design_metrics.csv,e9e71fec0d1e28e9c17adc5b9f88272135da71f3c5af917967624ec1a43ad611,false,Line9_V14_conditioned,visible_phase,Line9,true,GREEN,USABLE_BUT_LINE9_CONDITIONED,false,false,not_a_negative_sample,Same raw and labels exist in accepted; exclude from Line9 holdout training; Line9-conditioned data are quarantined from formal Line9 holdout training; historical accepted metadata are marked untrusted pending provenance rebuild,,,,,,,,,
LINE9_STYLE_002,accepted_quarantine,data/PGDA_SYNTH_DATASET_V1/05_accepted_dataset/line9_style/mixed/LINE9_STYLE_002,LINE9_STYLE,data/PGDA_SYNTH_DATASET_V1/05_accepted_dataset/line9_style/mixed/LINE9_STYLE_002/input/raw_bscan.npy,data/PGDA_SYNTH_DATASET_V1/05_accepted_dataset/line9_style/mixed/LINE9_STYLE_002/label/target_visible_phase_time_ns.npy,54c2a70e72d41c5769811a205e09122ecf99cdb54cdca80fee1b3ae2cd7cfd88,5a3a09efe8035996ff69358998f8d213d69ea6a3f2588af828a90499e09e8ef5,data/PGDA_SYNTH_DATASET_V1/05_accepted_dataset/line9_style/mixed/LINE9_STYLE_002/metadata/scene_world.json,372246858e42f4ba7f43a591cac98264e5e2236132348cc923159a3577ba8b0e,data/PGDA_SYNTH_DATASET_V1/05_accepted_dataset/line9_style/mixed/LINE9_STYLE_002/metadata/design_metrics.csv,e9e71fec0d1e28e9c17adc5b9f88272135da71f3c5af917967624ec1a43ad611,false,Line9_V14_conditioned,visible_phase,Line9,true,GREEN,USABLE_BUT_LINE9_CONDITIONED,false,false,not_a_negative_sample,Same raw and labels exist in accepted; exclude from Line9 holdout training; Line9-conditioned data are quarantined from formal Line9 holdout training; historical accepted metadata are marked untrusted pending provenance rebuild,,,,,,,,,
LINE9_STYLE_003,accepted_quarantine,data/PGDA_SYNTH_DATASET_V1/05_accepted_dataset/line9_style/mixed/LINE9_STYLE_003,LINE9_STYLE,data/PGDA_SYNTH_DATASET_V1/05_accepted_dataset/line9_style/mixed/LINE9_STYLE_003/input/raw_bscan.npy,data/PGDA_SYNTH_DATASET_V1/05_accepted_dataset/line9_style/mixed/LINE9_STYLE_003/label/target_visible_phase_time_ns.npy,be1799e5ee1749c0ab90de64e0aa6d44f5eb2b5e62da21c06b7f01a717ff1fed,49a6d8566b6cce14c3f637f874a9aea1747ced51f990af33beac4d2d15d40206,data/PGDA_SYNTH_DATASET_V1/05_accepted_dataset/line9_style/mixed/LINE9_STYLE_003/metadata/scene_world.json,372246858e42f4ba7f43a591cac98264e5e2236132348cc923159a3577ba8b0e,data/PGDA_SYNTH_DATASET_V1/05_accepted_dataset/line9_style/mixed/LINE9_STYLE_003/metadata/design_metrics.csv,e9e71fec0d1e28e9c17adc5b9f88272135da71f3c5af917967624ec1a43ad611,false,Line9_V14_conditioned,visible_phase,Line9,true,GREEN,USABLE_BUT_LINE9_CONDITIONED,false,false,not_a_negative_sample,Same raw and labels exist in accepted; exclude from Line9 holdout training; Line9-conditioned data are quarantined from formal Line9 holdout training; historical accepted metadata are marked untrusted pending provenance rebuild,,,,,,,,,
LINE9_STYLE_004,accepted_quarantine,data/PGDA_SYNTH_DATASET_V1/05_accepted_dataset/line9_style/mixed/LINE9_STYLE_004,LINE9_STYLE,data/PGDA_SYNTH_DATASET_V1/05_accepted_dataset/line9_style/mixed/LINE9_STYLE_004/input/raw_bscan.npy,data/PGDA_SYNTH_DATASET_V1/05_accepted_dataset/line9_style/mixed/LINE9_STYLE_004/label/target_visible_phase_time_ns.npy,aeb6c2e0186bf48be33d6d6248f81e0f9009ac39dfbbfd5b29ec47ce3f7c6f7b,90dcaf5e85535687387913afc4ee7218b60e75c05a5f77316980a86407128a28,data/PGDA_SYNTH_DATASET_V1/05_accepted_dataset/line9_style/mixed/LINE9_STYLE_004/metadata/scene_world.json,372246858e42f4ba7f43a591cac98264e5e2236132348cc923159a3577ba8b0e,data/PGDA_SYNTH_DATASET_V1/05_accepted_dataset/line9_style/mixed/LINE9_STYLE_004/metadata/design_metrics.csv,e9e71fec0d1e28e9c17adc5b9f88272135da71f3c5af917967624ec1a43ad611,false,Line9_V14_conditioned,visible_phase,Line9,true,GREEN,USABLE_BUT_LINE9_CONDITIONED,false,false,not_a_negative_sample,Same raw and labels exist in accepted; exclude from Line9 holdout training; Line9-conditioned data are quarantined from formal Line9 holdout training; historical accepted metadata are marked untrusted pending provenance rebuild,,,,,,,,,
LINE9_STYLE_005,accepted_quarantine,data/PGDA_SYNTH_DATASET_V1/05_accepted_dataset/line9_style/mixed/LINE9_STYLE_005,LINE9_STYLE,data/PGDA_SYNTH_DATASET_V1/05_accepted_dataset/line9_style/mixed/LINE9_STYLE_005/input/raw_bscan.npy,data/PGDA_SYNTH_DATASET_V1/05_accepted_dataset/line9_style/mixed/LINE9_STYLE_005/label/target_visible_phase_time_ns.npy,1fef1f45e7c79466ddefa85befbb304b331de5688050546cd6c1a6a0c4a87281,c0b6cead03c83c1e393a41ff24f598a11238fadc8fa4debaed223494cf6626b3,data/PGDA_SYNTH_DATASET_V1/05_accepted_dataset/line9_style/mixed/LINE9_STYLE_005/metadata/scene_world.json,372246858e42f4ba7f43a591cac98264e5e2236132348cc923159a3577ba8b0e,data/PGDA_SYNTH_DATASET_V1/05_accepted_dataset/line9_style/mixed/LINE9_STYLE_005/metadata/design_metrics.csv,e9e71fec0d1e28e9c17adc5b9f88272135da71f3c5af917967624ec1a43ad611,false,Line9_V14_conditioned,visible_phase,Line9,true,GREEN,USABLE_BUT_LINE9_CONDITIONED,false,false,not_a_negative_sample,Same raw and labels exist in accepted; exclude from Line9 holdout training; Line9-conditioned data are quarantined from formal Line9 holdout training; historical accepted metadata are marked untrusted pending provenance rebuild,,,,,,,,,
LINE9_STYLE_006,accepted_quarantine,data/PGDA_SYNTH_DATASET_V1/05_accepted_dataset/line9_style/mixed/LINE9_STYLE_006,LINE9_STYLE,data/PGDA_SYNTH_DATASET_V1/05_accepted_dataset/line9_style/mixed/LINE9_STYLE_006/input/raw_bscan.npy,data/PGDA_SYNTH_DATASET_V1/05_accepted_dataset/line9_style/mixed/LINE9_STYLE_006/label/target_visible_phase_time_ns.npy,151d92d4bdddcce25d8c35207bc15f19d8b87c410309396d83e2f3cb90df08ed,c080dc7c20540421b3ae0218ae7d10f4dcdb56157b71b06178e1c4ec7f040428,data/PGDA_SYNTH_DATASET_V1/05_accepted_dataset/line9_style/mixed/LINE9_STYLE_006/metadata/scene_world.json,372246858e42f4ba7f43a591cac98264e5e2236132348cc923159a3577ba8b0e,data/PGDA_SYNTH_DATASET_V1/05_accepted_dataset/line9_style/mixed/LINE9_STYLE_006/metadata/design_metrics.csv,e9e71fec0d1e28e9c17adc5b9f88272135da71f3c5af917967624ec1a43ad611,false,Line9_V14_conditioned,visible_phase,Line9,true,GREEN,USABLE_BUT_LINE9_CONDITIONED,false,false,not_a_negative_sample,Same raw and labels exist in accepted; exclude from Line9 holdout training; Line9-conditioned data are quarantined from formal Line9 holdout training; historical accepted metadata are marked untrusted pending provenance rebuild,,,,,,,,,
LINE9_STYLE_007,accepted_quarantine,data/PGDA_SYNTH_DATASET_V1/05_accepted_dataset/line9_style/mixed/LINE9_STYLE_007,LINE9_STYLE,data/PGDA_SYNTH_DATASET_V1/05_accepted_dataset/line9_style/mixed/LINE9_STYLE_007/input/raw_bscan.npy,data/PGDA_SYNTH_DATASET_V1/05_accepted_dataset/line9_style/mixed/LINE9_STYLE_007/label/target_visible_phase_time_ns.npy,a4a4befb48467644d196a21c799be7f9e614da40af62aff97c089bad6458817d,1820d197980556f22b90e9f35f06640b5de4e532766c88bea0a0d2c2258d45fe,data/PGDA_SYNTH_DATASET_V1/05_accepted_dataset/line9_style/mixed/LINE9_STYLE_007/metadata/scene_world.json,372246858e42f4ba7f43a591cac98264e5e2236132348cc923159a3577ba8b0e,data/PGDA_SYNTH_DATASET_V1/05_accepted_dataset/line9_style/mixed/LINE9_STYLE_007/metadata/design_metrics.csv,e9e71fec0d1e28e9c17adc5b9f88272135da71f3c5af917967624ec1a43ad611,false,Line9_V14_conditioned,visible_phase,Line9,true,GREEN,USABLE_BUT_LINE9_CONDITIONED,false,false,not_a_negative_sample,Same raw and labels exist in accepted; exclude from Line9 holdout training; Line9-conditioned data are quarantined from formal Line9 holdout training; historical accepted metadata are marked untrusted pending provenance rebuild,,,,,,,,,
LINE9_STYLE_008,accepted_quarantine,data/PGDA_SYNTH_DATASET_V1/05_accepted_dataset/line9_style/mixed/LINE9_STYLE_008,LINE9_STYLE,data/PGDA_SYNTH_DATASET_V1/05_accepted_dataset/line9_style/mixed/LINE9_STYLE_008/input/raw_bscan.npy,data/PGDA_SYNTH_DATASET_V1/05_accepted_dataset/line9_style/mixed/LINE9_STYLE_008/label/target_visible_phase_time_ns.npy,ff076be33ea00f9d8f4d54ffe4be57a53a8f79a2a831d8ee3e1a2e3178bed87b,d12bdf5e32e7036d6bb491796e9fa7c35ecdfd1e78daf9ecb611035f30d57f12,data/PGDA_SYNTH_DATASET_V1/05_accepted_dataset/line9_style/mixed/LINE9_STYLE_008/metadata/scene_world.json,372246858e42f4ba7f43a591cac98264e5e2236132348cc923159a3577ba8b0e,data/PGDA_SYNTH_DATASET_V1/05_accepted_dataset/line9_style/mixed/LINE9_STYLE_008/metadata/design_metrics.csv,e9e71fec0d1e28e9c17adc5b9f88272135da71f3c5af917967624ec1a43ad611,false,Line9_V14_conditioned,visible_phase,Line9,true,GREEN,USABLE_BUT_LINE9_CONDITIONED,false,false,not_a_negative_sample,Same raw and labels exist in accepted; exclude from Line9 holdout training; Line9-conditioned data are quarantined from formal Line9 holdout training; historical accepted metadata are marked untrusted pending provenance rebuild,,,,,,,,,
LINE9_STYLE_009,accepted_quarantine,data/PGDA_SYNTH_DATASET_V1/05_accepted_dataset/line9_style/mixed/LINE9_STYLE_009,LINE9_STYLE,data/PGDA_SYNTH_DATASET_V1/05_accepted_dataset/line9_style/mixed/LINE9_STYLE_009/input/raw_bscan.npy,data/PGDA_SYNTH_DATASET_V1/05_accepted_dataset/line9_style/mixed/LINE9_STYLE_009/label/target_visible_phase_time_ns.npy,a93e8048b3885986362ebd15e8801764d8a67008506440eda1b4a9cb4fbc11dd,22c6479e027d3f6485c7174bea297a6c52eb0b74dfc3fadea71b0694a0a8041b,data/PGDA_SYNTH_DATASET_V1/05_accepted_dataset/line9_style/mixed/LINE9_STYLE_009/metadata/scene_world.json,372246858e42f4ba7f43a591cac98264e5e2236132348cc923159a3577ba8b0e,data/PGDA_SYNTH_DATASET_V1/05_accepted_dataset/line9_style/mixed/LINE9_STYLE_009/metadata/design_metrics.csv,e9e71fec0d1e28e9c17adc5b9f88272135da71f3c5af917967624ec1a43ad611,false,Line9_V14_conditioned,visible_phase,Line9,true,GREEN,USABLE_BUT_LINE9_CONDITIONED,false,false,not_a_negative_sample,Same raw and labels exist in accepted; exclude from Line9 holdout training; Line9-conditioned data are quarantined from formal Line9 holdout training; historical accepted metadata are marked untrusted pending provenance rebuild,,,,,,,,,
LINE9_STYLE_010,accepted_quarantine,data/PGDA_SYNTH_DATASET_V1/05_accepted_dataset/line9_style/mixed/LINE9_STYLE_010,LINE9_STYLE,data/PGDA_SYNTH_DATASET_V1/05_accepted_dataset/line9_style/mixed/LINE9_STYLE_010/input/raw_bscan.npy,data/PGDA_SYNTH_DATASET_V1/05_accepted_dataset/line9_style/mixed/LINE9_STYLE_010/label/target_visible_phase_time_ns.npy,7e57d8d1cb26b0447a136a493d21244df1e2be229329d2ebb352756b7f3a120e,a71bacf7c3f14ef8f0bd50d5c15373cc7f76fff25b66e16f30e8f1cf02043d6b,data/PGDA_SYNTH_DATASET_V1/05_accepted_dataset/line9_style/mixed/LINE9_STYLE_010/metadata/scene_world.json,372246858e42f4ba7f43a591cac98264e5e2236132348cc923159a3577ba8b0e,data/PGDA_SYNTH_DATASET_V1/05_accepted_dataset/line9_style/mixed/LINE9_STYLE_010/metadata/design_metrics.csv,e9e71fec0d1e28e9c17adc5b9f88272135da71f3c5af917967624ec1a43ad611,false,Line9_V14_conditioned,visible_phase,Line9,true,GREEN,USABLE_BUT_LINE9_CONDITIONED,false,false,not_a_negative_sample,Same raw and labels exist in accepted; exclude from Line9 holdout training; Line9-conditioned data are quarantined from formal Line9 holdout training; historical accepted metadata are marked untrusted pending provenance rebuild,,,,,,,,,
LINE9_STYLE_V1_001,accepted_quarantine,data/PGDA_SYNTH_DATASET_V1/05_accepted_dataset/line9_style/flat/LINE9_STYLE_V1_001,LINE9_STYLE_V1,data/PGDA_SYNTH_DATASET_V1/05_accepted_dataset/line9_style/flat/LINE9_STYLE_V1_001/input/raw_bscan.npy,data/PGDA_SYNTH_DATASET_V1/05_accepted_dataset/line9_style/flat/LINE9_STYLE_V1_001/label/target_visible_phase_time_ns.npy,e7f5e1f28c5764d536e1402ccdd7461440ea0d2c454f5a88c734cdf7249bee07,649c30d169889754f19027236ae35c756b792a16c51e0436ef08070b2b95ff3c,data/PGDA_SYNTH_DATASET_V1/05_accepted_dataset/line9_style/flat/LINE9_STYLE_V1_001/metadata/scene_world.json,372246858e42f4ba7f43a591cac98264e5e2236132348cc923159a3577ba8b0e,data/PGDA_SYNTH_DATASET_V1/05_accepted_dataset/line9_style/flat/LINE9_STYLE_V1_001/metadata/design_metrics.csv,e9e71fec0d1e28e9c17adc5b9f88272135da71f3c5af917967624ec1a43ad611,false,Line9_V14_conditioned,visible_phase,Line9,true,UNLISTED,MANUAL_REVIEW_REQUIRED,false,false,not_a_negative_sample,No authoritative case-wise human decision is recorded; Line9-conditioned data are quarantined from formal Line9 holdout training; historical accepted metadata are marked untrusted pending provenance rebuild,,,,,,,,,
LINE9_TERRAIN_011,accepted_quarantine,data/PGDA_SYNTH_DATASET_V1/05_accepted_dataset/generic_smooth/LINE9_TERRAIN_011,LINE9_TERRAIN,data/PGDA_SYNTH_DATASET_V1/05_accepted_dataset/generic_smooth/LINE9_TERRAIN_011/input/raw_bscan.npy,data/PGDA_SYNTH_DATASET_V1/05_accepted_dataset/generic_smooth/LINE9_TERRAIN_011/label/target_visible_phase_time_ns.npy,8648865864d777f1ae3b20212e6d8d9703934d12461883bfcf56821de55a2b2c,53e96b89be610c3758f3b7065bb614f274da2effc1880b621d7520bc8c0bd1af,data/PGDA_SYNTH_DATASET_V1/05_accepted_dataset/generic_smooth/LINE9_TERRAIN_011/metadata/scene_world.json,372246858e42f4ba7f43a591cac98264e5e2236132348cc923159a3577ba8b0e,data/PGDA_SYNTH_DATASET_V1/05_accepted_dataset/generic_smooth/LINE9_TERRAIN_011/metadata/design_metrics.csv,e9e71fec0d1e28e9c17adc5b9f88272135da71f3c5af917967624ec1a43ad611,false,Line9_V14_conditioned,visible_phase,Line9,true,GREEN,USABLE_BUT_LINE9_CONDITIONED,false,false,not_a_negative_sample,Same raw and labels exist in accepted; exclude from Line9 holdout training; Line9-conditioned data are quarantined from formal Line9 holdout training; historical accepted metadata are marked untrusted pending provenance rebuild,,,,,,,,,
LINE9_TERRAIN_012,accepted_quarantine,data/PGDA_SYNTH_DATASET_V1/05_accepted_dataset/generic_smooth/LINE9_TERRAIN_012,LINE9_TERRAIN,data/PGDA_SYNTH_DATASET_V1/05_accepted_dataset/generic_smooth/LINE9_TERRAIN_012/input/raw_bscan.npy,data/PGDA_SYNTH_DATASET_V1/05_accepted_dataset/generic_smooth/LINE9_TERRAIN_012/label/target_visible_phase_time_ns.npy,9001b672c29ed6f8796e3e97b557a85e83b141e4f4b292f474d2d537ddfb5dd4,d12fa97d2ff04201953814bca12a7b4ba6c9543d9e5cef1a2e36bb2082af8a16,data/PGDA_SYNTH_DATASET_V1/05_accepted_dataset/generic_smooth/LINE9_TERRAIN_012/metadata/scene_world.json,372246858e42f4ba7f43a591cac98264e5e2236132348cc923159a3577ba8b0e,data/PGDA_SYNTH_DATASET_V1/05_accepted_dataset/generic_smooth/LINE9_TERRAIN_012/metadata/design_metrics.csv,e9e71fec0d1e28e9c17adc5b9f88272135da71f3c5af917967624ec1a43ad611,false,Line9_V14_conditioned,visible_phase,Line9,true,GREEN,USABLE_BUT_LINE9_CONDITIONED,false,false,not_a_negative_sample,Same raw and labels exist in accepted; exclude from Line9 holdout training; Line9-conditioned data are quarantined from formal Line9 holdout training; historical accepted metadata are marked untrusted pending provenance rebuild,,,,,,,,,
MACRO01_GENTLE_LONG_LINE_DIAGNOSTIC,independent_simulation_v2_release_gate,outputs/simulation_v2_controls/official_audited_20260711/MACRO01_GENTLE_LONG_LINE_DIAGNOSTIC,macro_diagnostic_only,outputs/simulation_v2_controls/official_audited_20260711/MACRO01_GENTLE_LONG_LINE_DIAGNOSTIC/pair_audit/full_501x128.npy,outputs/simulation_v2_controls/official_audited_20260711/MACRO01_GENTLE_LONG_LINE_DIAGNOSTIC/labels/target_mask_visible_phase_501x256.npy,50fb93c1ba57844deb8c6313346662be4ec65d9e7fb236e82e2ceb9218749bf5,8b86fbd17811d550c992860aabc76b428ba043f435b39881b43672aa8cd75019,outputs/simulation_v2_controls/official_audited_20260711/MACRO01_GENTLE_LONG_LINE_DIAGNOSTIC/scene_manifest.json,d910e562b4b3b4d80656e0e75189d43340125bd6f1dca0dfc8a8dac33f94ddc0,outputs/simulation_v2_controls/official_audited_20260711/MACRO01_GENTLE_LONG_LINE_DIAGNOSTIC/pair_audit/pair_audit_validation.json,feee43cc7cfe2d3f4a908fb157d251cbaf996d397f5c2453a194dd50d9146c9e,false,strict_or_topology_matched_full_minus_no_basal,visible_phase_full_minus_no_basal,,false,V2_RELEASE_AUDIT,DEVELOPMENT_POSITIVE_CANDIDATE,false,pending_explicit_promotion,not_a_negative_sample,Long-line response is clean but overly smooth and only 128 traces wide.,PGDA_SIMULATION_CONTRACT_V2,true,128,1.7,215.9,3.1.7,true,development_positive_candidate,true
MACRO02_MULTISCALE_LONG_LINE_DIAGNOSTIC,independent_simulation_v2_release_gate,outputs/simulation_v2_controls/official_audited_20260711/MACRO02_MULTISCALE_LONG_LINE_DIAGNOSTIC,macro_multiscale_diagnostic_only,outputs/simulation_v2_controls/official_audited_20260711/MACRO02_MULTISCALE_LONG_LINE_DIAGNOSTIC/pair_audit/full_501x128.npy,outputs/simulation_v2_controls/official_audited_20260711/MACRO02_MULTISCALE_LONG_LINE_DIAGNOSTIC/pair_audit/visible_phase_time_ns.npy,2bebc13fd4d636a035e580c77175707b76c944c22ccd724b0e5945461f4bf184,1063be131417e9cd284b1bcc37232309cb80de165d33229ba8160dfbef145064,outputs/simulation_v2_controls/official_audited_20260711/MACRO02_MULTISCALE_LONG_LINE_DIAGNOSTIC/scene_manifest.json,c1d77adeef0586c5c24a93d74247a07ca3ab60bc63659fd4263dd96c4fd08a65,outputs/simulation_v2_controls/official_audited_20260711/MACRO02_MULTISCALE_LONG_LINE_DIAGNOSTIC/pair_audit/pair_audit_validation.json,505fd94b2114b4eab34de9a33667792281e54fd1dce0bf86bc74327074b664c4,false,strict_or_topology_matched_full_minus_no_basal,visible_phase_full_minus_no_basal,,false,V2_RELEASE_AUDIT,REPROCESS_REQUIRED,false,pending_explicit_promotion,not_a_negative_sample,"The solved pair exists, but the formal postprocess lifecycle record is missing.",PGDA_SIMULATION_CONTRACT_V2,true,128,1.7,215.9,3.1.7,false,reprocess_required,true
MACRO03_CORRELATED_VOXEL_LONG_LINE_DIAGNOSTIC,independent_simulation_v2_release_gate,outputs/simulation_v2_controls/official_audited_20260711/MACRO03_CORRELATED_VOXEL_LONG_LINE_DIAGNOSTIC,macro_correlated_voxel_diagnostic_only,outputs/simulation_v2_controls/official_audited_20260711/MACRO03_CORRELATED_VOXEL_LONG_LINE_DIAGNOSTIC/pair_audit/full_501x128.npy,outputs/simulation_v2_controls/official_audited_20260711/MACRO03_CORRELATED_VOXEL_LONG_LINE_DIAGNOSTIC/pair_audit/visible_phase_time_ns.npy,029aa212e848e3e1c25c9bc1dd3b1bc4c0669dec1aeeafeeb729b6c099d563da,12b06d89cc9473f6e924f32a7f37b600affceb62563976c455d3600176a12c6c,outputs/simulation_v2_controls/official_audited_20260711/MACRO03_CORRELATED_VOXEL_LONG_LINE_DIAGNOSTIC/scene_manifest.json,0b10e878fc09fbf1d1775a31f8a0afe8d12ceb20bd302e90f853a5f2d179534d,outputs/simulation_v2_controls/official_audited_20260711/MACRO03_CORRELATED_VOXEL_LONG_LINE_DIAGNOSTIC/pair_audit/pair_audit_validation.json,93428ace92c85bf987cbfcd7dbbdfd14e4d9d590b72d38e16d8864624c25929b,false,strict_or_topology_matched_full_minus_no_basal,visible_phase_full_minus_no_basal,,false,V2_RELEASE_AUDIT,REPAIR_AND_RELABEL_REQUIRED,false,pending_explicit_promotion,not_a_negative_sample,"Missing height metadata, incomplete full-run provenance, and 31.9 ns phase-path residual.",PGDA_SIMULATION_CONTRACT_V2,true,128,1.7,215.9,3.1.7 Big Smoke,false,repair_and_relabel_required,true
MACRO04_DEEPER_GENTLE_DROPOUT_DIAGNOSTIC,independent_simulation_v2_release_gate,data/PGDA_SYNTH_DATASET_V2/00_controls/MACRO04_DEEPER_GENTLE_DROPOUT_DIAGNOSTIC,macro_deeper_gentle_dropout_diagnostic_only,data/PGDA_SYNTH_DATASET_V2/00_controls/MACRO04_DEEPER_GENTLE_DROPOUT_DIAGNOSTIC/pair_audit/full_501x128.npy,data/PGDA_SYNTH_DATASET_V2/00_controls/MACRO04_DEEPER_GENTLE_DROPOUT_DIAGNOSTIC/pair_audit/visible_phase_time_ns.npy,b4924f293a7ac64a610203b043079fdfee3caf2f212ce27a2ea0d46cf4129250,86963be83b86a74f37b38c004edf6cf229641450cc5272968fb5ebcbada38848,data/PGDA_SYNTH_DATASET_V2/00_controls/MACRO04_DEEPER_GENTLE_DROPOUT_DIAGNOSTIC/scene_manifest.json,ea2bd4c570fd749c740c6be2a4933f36d947d06a6f8b3f9d877eb9841ba5fe22,data/PGDA_SYNTH_DATASET_V2/00_controls/MACRO04_DEEPER_GENTLE_DROPOUT_DIAGNOSTIC/pair_audit/pair_audit_validation.json,b638c0cd4b728317257d96f9f43bbef964e1c5a194a334709d5b240884070fc8,false,strict_or_topology_matched_full_minus_no_basal,visible_phase_full_minus_no_basal,,false,V2_RELEASE_AUDIT,BEST_PAIR_PILOT_CANDIDATE,false,pending_explicit_promotion,not_a_negative_sample,"Strict hashes and per-trace provenance pass; still 128 traces, no air run, and manual review is pending.",PGDA_SIMULATION_CONTRACT_V2,true,128,1.7,215.9,3.1.7 Big Smoke,false,best_pair_pilot_candidate,true
MACRO05_F01_DOMAIN_EQUIVALENCE,independent_simulation_v2_release_gate,../PGDA_gprMax_MACRO05_NIGHTLY_20260712/MACRO05_F01_DOMAIN_EQUIVALENCE,,,,,,F:\codex\PSGN-CSNet\PGDA_gprMax_MACRO05_NIGHTLY_20260712\MACRO05_F01_DOMAIN_EQUIVALENCE\scene_manifest.json,a25d4cf98913b37cc13ee711727233690422dd14bf0632c67901a097a9fc0843,,,false,strict_or_topology_matched_full_minus_no_basal,visible_phase_full_minus_no_basal,,false,V2_RELEASE_AUDIT,SOLVER_RUN_REQUIRED,false,pending_explicit_promotion,not_a_negative_sample,"Static design exists, but no completed solver pair or visual result is present.",PGDA_SIMULATION_CONTRACT_V2,true,0,,,,false,solver_run_required,false
MACRO05_F02_SHALLOW_DRY_GENTLE,independent_simulation_v2_release_gate,../PGDA_gprMax_MACRO05_NIGHTLY_20260712/MACRO05_F02_SHALLOW_DRY_GENTLE,,,,,,F:\codex\PSGN-CSNet\PGDA_gprMax_MACRO05_NIGHTLY_20260712\MACRO05_F02_SHALLOW_DRY_GENTLE\scene_manifest.json,363685bd23510df581471359b98e9d4e84af4f4e658f507dbf921aa0c3c0edb6,,,false,strict_or_topology_matched_full_minus_no_basal,visible_phase_full_minus_no_basal,,false,V2_RELEASE_AUDIT,SOLVER_RUN_REQUIRED,false,pending_explicit_promotion,not_a_negative_sample,"Static design exists, but no completed solver pair or visual result is present.",PGDA_SIMULATION_CONTRACT_V2,true,0,,,,false,solver_run_required,false
MACRO05_F03_DEEP_WEAK_CONTRAST,independent_simulation_v2_release_gate,../PGDA_gprMax_MACRO05_NIGHTLY_20260712/MACRO05_F03_DEEP_WEAK_CONTRAST,,,,,,F:\codex\PSGN-CSNet\PGDA_gprMax_MACRO05_NIGHTLY_20260712\MACRO05_F03_DEEP_WEAK_CONTRAST\scene_manifest.json,ef324e861b1ffc0ea655cb7e067209754d0c42dda37e9593491a145c19f0e8da,,,false,strict_or_topology_matched_full_minus_no_basal,visible_phase_full_minus_no_basal,,false,V2_RELEASE_AUDIT,SOLVER_RUN_REQUIRED,false,pending_explicit_promotion,not_a_negative_sample,"Static design exists, but no completed solver pair or visual result is present.",PGDA_SIMULATION_CONTRACT_V2,true,0,,,,false,solver_run_required,false
MACRO05_F04_THICK_WEATHERING_DROPOUT,independent_simulation_v2_release_gate,../PGDA_gprMax_MACRO05_NIGHTLY_20260712/MACRO05_F04_THICK_WEATHERING_DROPOUT,,,,,,F:\codex\PSGN-CSNet\PGDA_gprMax_MACRO05_NIGHTLY_20260712\MACRO05_F04_THICK_WEATHERING_DROPOUT\scene_manifest.json,c18cc268c97c814106eda89d5b168f7c83c694fda0c9fc184238991ef1a56a77,,,false,strict_or_topology_matched_full_minus_no_basal,visible_phase_full_minus_no_basal,,false,V2_RELEASE_AUDIT,SOLVER_RUN_REQUIRED,false,pending_explicit_promotion,not_a_negative_sample,"Static design exists, but no completed solver pair or visual result is present.",PGDA_SIMULATION_CONTRACT_V2,true,0,,,,false,solver_run_required,false
MACRO05_F05_MULTISCALE_FOLDED,independent_simulation_v2_release_gate,../PGDA_gprMax_MACRO05_NIGHTLY_20260712/MACRO05_F05_MULTISCALE_FOLDED,,,,,,F:\codex\PSGN-CSNet\PGDA_gprMax_MACRO05_NIGHTLY_20260712\MACRO05_F05_MULTISCALE_FOLDED\scene_manifest.json,5ff2b02f54f411a290187e5d47de4754d0183e98c145689ef241b7338f54b7f1,,,false,strict_or_topology_matched_full_minus_no_basal,visible_phase_full_minus_no_basal,,false,V2_RELEASE_AUDIT,SOLVER_RUN_REQUIRED,false,pending_explicit_promotion,not_a_negative_sample,"Static design exists, but no completed solver pair or visual result is present.",PGDA_SIMULATION_CONTRACT_V2,true,0,,,,false,solver_run_required,false
MACRO05_F06_CLUTTER_RICH_LENSES,independent_simulation_v2_release_gate,../PGDA_gprMax_MACRO05_NIGHTLY_20260712/MACRO05_F06_CLUTTER_RICH_LENSES,,,,,,F:\codex\PSGN-CSNet\PGDA_gprMax_MACRO05_NIGHTLY_20260712\MACRO05_F06_CLUTTER_RICH_LENSES\scene_manifest.json,6e51b26a061bf580f5fcd7171e393284870f96b0a99e5d8c3202b88e7c9b1a0f,,,false,strict_or_topology_matched_full_minus_no_basal,visible_phase_full_minus_no_basal,,false,V2_RELEASE_AUDIT,SOLVER_RUN_REQUIRED,false,pending_explicit_promotion,not_a_negative_sample,"Static design exists, but no completed solver pair or visual result is present.",PGDA_SIMULATION_CONTRACT_V2,true,0,,,,false,solver_run_required,false
MACRO05_F07_TERRAIN_COUPLED_HEIGHT,independent_simulation_v2_release_gate,../PGDA_gprMax_MACRO05_NIGHTLY_20260712/MACRO05_F07_TERRAIN_COUPLED_HEIGHT,,,,,,F:\codex\PSGN-CSNet\PGDA_gprMax_MACRO05_NIGHTLY_20260712\MACRO05_F07_TERRAIN_COUPLED_HEIGHT\scene_manifest.json,1c732ebb7dcbedd46aa918110f6a60f687dc96de8bce7a70d4d34af102ea1451,,,false,strict_or_topology_matched_full_minus_no_basal,visible_phase_full_minus_no_basal,,false,V2_RELEASE_AUDIT,SOLVER_RUN_REQUIRED,false,pending_explicit_promotion,not_a_negative_sample,"Static design exists, but no completed solver pair or visual result is present.",PGDA_SIMULATION_CONTRACT_V2,true,0,,,,false,solver_run_required,false
MACRO05_F08_LOW_CONTRAST_BROAD_DROPOUT,independent_simulation_v2_release_gate,../PGDA_gprMax_MACRO05_NIGHTLY_20260712/MACRO05_F08_LOW_CONTRAST_BROAD_DROPOUT,,,,,,F:\codex\PSGN-CSNet\PGDA_gprMax_MACRO05_NIGHTLY_20260712\MACRO05_F08_LOW_CONTRAST_BROAD_DROPOUT\scene_manifest.json,a3e915cab852fe615b3c234f1dd074011d1b2ea643fb29e06f7c9b5c62d47510,,,false,strict_or_topology_matched_full_minus_no_basal,visible_phase_full_minus_no_basal,,false,V2_RELEASE_AUDIT,SOLVER_RUN_REQUIRED,false,pending_explicit_promotion,not_a_negative_sample,"Static design exists, but no completed solver pair or visual result is present.",PGDA_SIMULATION_CONTRACT_V2,true,0,,,,false,solver_run_required,false
MACRO05_F09_THIN_TRANSITION_SHARP,independent_simulation_v2_release_gate,../PGDA_gprMax_MACRO05_NIGHTLY_20260712/MACRO05_F09_THIN_TRANSITION_SHARP,,,,,,F:\codex\PSGN-CSNet\PGDA_gprMax_MACRO05_NIGHTLY_20260712\MACRO05_F09_THIN_TRANSITION_SHARP\scene_manifest.json,8122b832c59d07f5960e3f9b8133c93b71b8aa07a9c486b4cf74ecc5ea66e314,,,false,strict_or_topology_matched_full_minus_no_basal,visible_phase_full_minus_no_basal,,false,V2_RELEASE_AUDIT,SOLVER_RUN_REQUIRED,false,pending_explicit_promotion,not_a_negative_sample,"Static design exists, but no completed solver pair or visual result is present.",PGDA_SIMULATION_CONTRACT_V2,true,0,,,,false,solver_run_required,false
MACRO05_F10_NEAR_FLAT_LOCAL_NOTCH,independent_simulation_v2_release_gate,../PGDA_gprMax_MACRO05_NIGHTLY_20260712/MACRO05_F10_NEAR_FLAT_LOCAL_NOTCH,,,,,,F:\codex\PSGN-CSNet\PGDA_gprMax_MACRO05_NIGHTLY_20260712\MACRO05_F10_NEAR_FLAT_LOCAL_NOTCH\scene_manifest.json,1a215070f69425e885bf29abb5433c548118676bf9a1665c9f7a2d492c7022fa,,,false,strict_or_topology_matched_full_minus_no_basal,visible_phase_full_minus_no_basal,,false,V2_RELEASE_AUDIT,SOLVER_RUN_REQUIRED,false,pending_explicit_promotion,not_a_negative_sample,"Static design exists, but no completed solver pair or visual result is present.",PGDA_SIMULATION_CONTRACT_V2,true,0,,,,false,solver_run_required,false
